route_id,path,menu,current_source_status,planning_basis,task_id,models,api_prefix,api_contract,operations,screen_work,actor_scope,fixture,test_id,acceptance,common_checks,status
R001,/,공지·도움말·시스템,local-demo-unverified,독립 백엔드 제안; 원본 정상상태 미확정 항목은 P00에서 확인,P13-T02,Session; Membership; Service,/api/v1,GET /context; GET /health,R/상태 전이,시작·호환성·로딩 화면을 실제 세션 상태와 연결,anonymous/member,A/B회사·허용/거부역할·빈/보유 데이터 fixture,E2E-R001,session 유무별 정상 도착; 로딩 종료/에러/재시도; redirect loop 없음,정상/입력오류/401/403/404/충돌·중복 중 해당조건; 새로고침·영속DB·감사·뒤로가기,planned
R002,/two-step-setting,로그인·가입·인증,source-based,독립 백엔드 제안; 원본 정상상태 미확정 항목은 P00에서 확인,P02-T02,MfaFactor; AuthChallenge; RecoveryCode; Session,/api/v1,CRUD /auth/mfa; POST /auth/challenges; POST /auth/challenges/{id}/verify,인증수단 CRUD; 일회용 검증,이메일/OTP 설정·코드입력·만료·재전송,preauth/member,A/B회사·허용/거부역할·빈/보유 데이터 fixture,E2E-R002,인증전 보호API 차단; 코드만료/재사용·시도제한; recovery 1회,정상/입력오류/401/403/404/충돌·중복 중 해당조건; 새로고침·영속DB·감사·뒤로가기,planned
R003,/file-view/:customerId,외부 폼·문서·정보주체·공유 열람,unavailable-placeholder,독립 백엔드 제안; 원본 정상상태 미확정 항목은 P00에서 확인,P06-T03,FileObject; Answer; Submission; FileGrant; ShareGrant,/api/v1,GET /submissions/{id}/files; GET /files/{id}/download,권한검사 R/download,응답 첨부 목록/파일 뷰어; 공유세션 범위 적용,member/viewer-session,실제 DB ID/토큰 fixture; demo 문자열 치환 금지,E2E-R003,customer-question-file 교차변조 거부; bytes/hash·만료·격리 확인,정상/입력오류/401/403/404/충돌·중복 중 해당조건; 새로고침·영속DB·감사·뒤로가기,planned
R004,/file-view/:customerId/shared,외부 폼·문서·정보주체·공유 열람,unavailable-placeholder,독립 백엔드 제안; 원본 정상상태 미확정 항목은 P00에서 확인,P06-T03,FileObject; Answer; Submission; FileGrant; ShareGrant,/api/v1,GET /submissions/{id}/files; GET /files/{id}/download,권한검사 R/download,응답 첨부 목록/파일 뷰어; 공유세션 범위 적용,member/viewer-session,실제 DB ID/토큰 fixture; demo 문자열 치환 금지,E2E-R004,customer-question-file 교차변조 거부; bytes/hash·만료·격리 확인,정상/입력오류/401/403/404/충돌·중복 중 해당조건; 새로고침·영속DB·감사·뒤로가기,planned
R005,/file-view/:customerId/:questionId/:fileId,외부 폼·문서·정보주체·공유 열람,unavailable-placeholder,독립 백엔드 제안; 원본 정상상태 미확정 항목은 P00에서 확인,P06-T03,FileObject; Answer; Submission; FileGrant; ShareGrant,/api/v1,GET /submissions/{id}/files; GET /files/{id}/download,권한검사 R/download,응답 첨부 목록/파일 뷰어; 공유세션 범위 적용,member/viewer-session,실제 DB ID/토큰 fixture; demo 문자열 치환 금지,E2E-R005,customer-question-file 교차변조 거부; bytes/hash·만료·격리 확인,정상/입력오류/401/403/404/충돌·중복 중 해당조건; 새로고침·영속DB·감사·뒤로가기,planned
R006,/file-view/:customerId/:questionId/:fileId/shared,외부 폼·문서·정보주체·공유 열람,unavailable-placeholder,독립 백엔드 제안; 원본 정상상태 미확정 항목은 P00에서 확인,P06-T03,FileObject; Answer; Submission; FileGrant; ShareGrant,/api/v1,GET /submissions/{id}/files; GET /files/{id}/download,권한검사 R/download,응답 첨부 목록/파일 뷰어; 공유세션 범위 적용,member/viewer-session,실제 DB ID/토큰 fixture; demo 문자열 치환 금지,E2E-R006,customer-question-file 교차변조 거부; bytes/hash·만료·격리 확인,정상/입력오류/401/403/404/충돌·중복 중 해당조건; 새로고침·영속DB·감사·뒤로가기,planned
R007,/projects/:outerToken/form,외부 폼·문서·정보주체·공유 열람,local-demo-unverified,독립 백엔드 제안; 원본 정상상태 미확정 항목은 P00에서 확인,P06-T01,Publication; FormVersion; Question; Submission; ConsentReceipt,/api/v1,GET /public/forms/{token}; POST /public/forms/{token}/submissions,공개 R/제출 C; preview 별도,공개/이전별칭/테스트폼·필수/선택/분기/첨부·완료,public-token/editor-preview,실제 DB ID/토큰 fixture; demo 문자열 치환 금지,E2E-R007,세 경로 동일version 계약; 테스트응답 운영집계제외; max count 원자성,정상/입력오류/401/403/404/충돌·중복 중 해당조건; 새로고침·영속DB·감사·뒤로가기,planned
R008,/project/:outerToken/form,외부 폼·문서·정보주체·공유 열람,local-demo-unverified,독립 백엔드 제안; 원본 정상상태 미확정 항목은 P00에서 확인,P06-T01,Publication; FormVersion; Question; Submission; ConsentReceipt,/api/v1,GET /public/forms/{token}; POST /public/forms/{token}/submissions,공개 R/제출 C; preview 별도,공개/이전별칭/테스트폼·필수/선택/분기/첨부·완료,public-token/editor-preview,실제 DB ID/토큰 fixture; demo 문자열 치환 금지,E2E-R008,세 경로 동일version 계약; 테스트응답 운영집계제외; max count 원자성,정상/입력오류/401/403/404/충돌·중복 중 해당조건; 새로고침·영속DB·감사·뒤로가기,planned
R009,/url/:outerToken,외부 폼·문서·정보주체·공유 열람,local-demo-unverified,독립 백엔드 제안; 원본 정상상태 미확정 항목은 P00에서 확인,P04-T03,FixedUrl; Publication,/api/v1,GET /public/urls/{token}; CRUD /fixed-urls,관리 CRUD; 외부 resolve R,고정주소를 활성게시 버전으로 연결·중단 안내,public-token/editor,실제 DB ID/토큰 fixture; demo 문자열 치환 금지,E2E-R009,회수/만료/새버전전환; 존재 추측·open redirect 방지,정상/입력오류/401/403/404/충돌·중복 중 해당조건; 새로고침·영속DB·감사·뒤로가기,planned
R010,/test-projects/:outerToken/form,외부 폼·문서·정보주체·공유 열람,local-demo-unverified,독립 백엔드 제안; 원본 정상상태 미확정 항목은 P00에서 확인,P06-T01,Publication; FormVersion; Question; Submission; ConsentReceipt,/api/v1,GET /public/forms/{token}; POST /public/forms/{token}/submissions,공개 R/제출 C; preview 별도,공개/이전별칭/테스트폼·필수/선택/분기/첨부·완료,public-token/editor-preview,실제 DB ID/토큰 fixture; demo 문자열 치환 금지,E2E-R010,세 경로 동일version 계약; 테스트응답 운영집계제외; max count 원자성,정상/입력오류/401/403/404/충돌·중복 중 해당조건; 새로고침·영속DB·감사·뒤로가기,planned
R011,/customer-use-case/:outerToken,외부 폼·문서·정보주체·공유 열람,local-demo-unverified,독립 백엔드 제안; 원본 정상상태 미확정 항목은 P00에서 확인,P06-T01,Publication; FormVersion; UseCaseView,/api/v1,GET /public/use-cases/{token},R,토큰 기반 사용사례/미리보기; 의미 P00에서 정상표본 확인,public-token,실제 DB ID/토큰 fixture; demo 문자열 치환 금지,E2E-R011,자료범위 확정 전 공개승격 금지; 다른 폼 데이터 노출0,정상/입력오류/401/403/404/충돌·중복 중 해당조건; 새로고침·영속DB·감사·뒤로가기,planned
R012,/infoOwner/formComplete,외부 폼·문서·정보주체·공유 열람,unavailable-placeholder,독립 백엔드 제안; 원본 정상상태 미확정 항목은 P00에서 확인,P06-T05,SubjectSession; ConsentEvent; Submission,/api/v1,GET /public/flows/{id}/status; POST /public/submissions/{id}/withdraw,완료 조회/중단 요청,동의/제출 완료와 중단·철회 상태를 구분,public-flow-session,A/B회사·허용/거부역할·빈/보유 데이터 fixture,E2E-R012,직접URL만으로 완료처리 불가; 중복철회 한 번 반영,정상/입력오류/401/403/404/충돌·중복 중 해당조건; 새로고침·영속DB·감사·뒤로가기,planned
R013,/infoOwner/form-interrupt,외부 폼·문서·정보주체·공유 열람,unavailable-placeholder,독립 백엔드 제안; 원본 정상상태 미확정 항목은 P00에서 확인,P06-T05,SubjectSession; ConsentEvent; Submission,/api/v1,GET /public/flows/{id}/status; POST /public/submissions/{id}/withdraw,완료 조회/중단 요청,동의/제출 완료와 중단·철회 상태를 구분,public-flow-session,A/B회사·허용/거부역할·빈/보유 데이터 fixture,E2E-R013,직접URL만으로 완료처리 불가; 중복철회 한 번 반영,정상/입력오류/401/403/404/충돌·중복 중 해당조건; 새로고침·영속DB·감사·뒤로가기,planned
R014,/identification/:result,로그인·가입·인증,local-demo-unverified,독립 백엔드 제안; 원본 정상상태 미확정 항목은 P00에서 확인,P06-T06,IdentityVerification; SignatureEvidence; AuthChallenge,/api/v1,GET /identity-verifications/{id}; POST /webhooks/identity/{provider},검증 요청/결과,본인확인 result URL은 서버검증결과만 표시,public-token/member,실제 DB ID/토큰 fixture; demo 문자열 치환 금지,E2E-R014,URL 조작해 성공불가; 실제sandbox 증거; 위조callback 거부,정상/입력오류/401/403/404/충돌·중복 중 해당조건; 새로고침·영속DB·감사·뒤로가기,planned
R015,/jap_intro,공지·도움말·시스템,source-based,독립 백엔드 제안; 원본 정상상태 미확정 항목은 P00에서 확인,P13-T02,Guide; LocalePreference,/api/v1,GET /content/introductions?locale=ja,R,소개 화면 콘텐츠·언어·관련 이동; 원본 의미 P00 확인,anonymous,A/B회사·허용/거부역할·빈/보유 데이터 fixture,E2E-R015,미확인 경로 의미 먼저 확정; 폼 데이터가 임의로 노출되지 않음,정상/입력오류/401/403/404/충돌·중복 중 해당조건; 새로고침·영속DB·감사·뒤로가기,planned
R016,/gwloginUser/login,로그인·가입·인증,local-demo-unverified,독립 백엔드 제안; 원본 정상상태 미확정 항목은 P00에서 확인,P02-T01,User; Session; AuthAttempt,/api/v1,POST /auth/login; GET /auth/session,인증/session C/R,로그인·실패·잠금·추가인증; gwloginUser 계약 확정,anonymous,A/B회사·허용/거부역할·빈/보유 데이터 fixture,E2E-R016,실제비밀번호검사; 오류/정지/만료; 그룹웨어 계약 미확정 성공금지,정상/입력오류/401/403/404/충돌·중복 중 해당조건; 새로고침·영속DB·감사·뒤로가기,planned
R017,/login,로그인·가입·인증,source-based,독립 백엔드 제안; 원본 정상상태 미확정 항목은 P00에서 확인,P02-T01,User; Session; AuthAttempt,/api/v1,POST /auth/login; GET /auth/session,인증/session C/R,로그인·실패·잠금·추가인증; gwloginUser 계약 확정,anonymous,A/B회사·허용/거부역할·빈/보유 데이터 fixture,E2E-R017,실제비밀번호검사; 오류/정지/만료; 그룹웨어 계약 미확정 성공금지,정상/입력오류/401/403/404/충돌·중복 중 해당조건; 새로고침·영속DB·감사·뒤로가기,planned
R018,/password-change-email,로그인·가입·인증,local-demo-unverified,독립 백엔드 제안; 원본 정상상태 미확정 항목은 P00에서 확인,P02-T02,AuthChallenge; User; CredentialHistory; Session,/api/v1,POST /auth/password-reset/request; POST /auth/password-reset/confirm; GET /auth/password-policy,요청 C/암호 변경 U,복구메일 요청·완료·암호규칙·새비밀번호,anonymous/member,A/B회사·허용/거부역할·빈/보유 데이터 fixture,E2E-R018,항상동일 요청응답; expired/consumed token거부; 이전세션폐기,정상/입력오류/401/403/404/충돌·중복 중 해당조건; 새로고침·영속DB·감사·뒤로가기,planned
R019,/passwordChange,로그인·가입·인증,local-demo-unverified,독립 백엔드 제안; 원본 정상상태 미확정 항목은 P00에서 확인,P02-T02,AuthChallenge; User; CredentialHistory; Session,/api/v1,POST /auth/password-reset/request; POST /auth/password-reset/confirm; GET /auth/password-policy,요청 C/암호 변경 U,복구메일 요청·완료·암호규칙·새비밀번호,anonymous/member,A/B회사·허용/거부역할·빈/보유 데이터 fixture,E2E-R019,항상동일 요청응답; expired/consumed token거부; 이전세션폐기,정상/입력오류/401/403/404/충돌·중복 중 해당조건; 새로고침·영속DB·감사·뒤로가기,planned
R020,/password-change-email/complete,로그인·가입·인증,source-based,독립 백엔드 제안; 원본 정상상태 미확정 항목은 P00에서 확인,P02-T02,AuthChallenge; User; CredentialHistory; Session,/api/v1,POST /auth/password-reset/request; POST /auth/password-reset/confirm; GET /auth/password-policy,요청 C/암호 변경 U,복구메일 요청·완료·암호규칙·새비밀번호,anonymous/member,A/B회사·허용/거부역할·빈/보유 데이터 fixture,E2E-R020,항상동일 요청응답; expired/consumed token거부; 이전세션폐기,정상/입력오류/401/403/404/충돌·중복 중 해당조건; 새로고침·영속DB·감사·뒤로가기,planned
R021,/password-change-rule,로그인·가입·인증,source-based,독립 백엔드 제안; 원본 정상상태 미확정 항목은 P00에서 확인,P02-T02,AuthChallenge; User; CredentialHistory; Session,/api/v1,POST /auth/password-reset/request; POST /auth/password-reset/confirm; GET /auth/password-policy,요청 C/암호 변경 U,복구메일 요청·완료·암호규칙·새비밀번호,anonymous/member,A/B회사·허용/거부역할·빈/보유 데이터 fixture,E2E-R021,항상동일 요청응답; expired/consumed token거부; 이전세션폐기,정상/입력오류/401/403/404/충돌·중복 중 해당조건; 새로고침·영속DB·감사·뒤로가기,planned
R022,/auth-code,로그인·가입·인증,local-demo-unverified,독립 백엔드 제안; 원본 정상상태 미확정 항목은 P00에서 확인,P02-T02,MfaFactor; AuthChallenge; RecoveryCode; Session,/api/v1,CRUD /auth/mfa; POST /auth/challenges; POST /auth/challenges/{id}/verify,인증수단 CRUD; 일회용 검증,이메일/OTP 설정·코드입력·만료·재전송,preauth/member,A/B회사·허용/거부역할·빈/보유 데이터 fixture,E2E-R022,인증전 보호API 차단; 코드만료/재사용·시도제한; recovery 1회,정상/입력오류/401/403/404/충돌·중복 중 해당조건; 새로고침·영속DB·감사·뒤로가기,planned
R023,/signup,로그인·가입·인증,local-demo-unverified,독립 백엔드 제안; 원본 정상상태 미확정 항목은 P00에서 확인,P02-T04,User; Membership; Invitation; ExternalIdentity,/api/v1,POST /auth/signup; POST /invitations/{token}/accept; POST /auth/external/signup,계정/소속 C,일반가입·외부인증 후 가입·초대가입,anonymous/invited,A/B회사·허용/거부역할·빈/보유 데이터 fixture,E2E-R023,중복이메일·초대만료·이메일일치·외부신원검증; 회사 자동승격 금지,정상/입력오류/401/403/404/충돌·중복 중 해당조건; 새로고침·영속DB·감사·뒤로가기,planned
R024,/expire/code,로그인·가입·인증,local-demo-unverified,독립 백엔드 제안; 원본 정상상태 미확정 항목은 P00에서 확인,P02-T02,MfaFactor; AuthChallenge; RecoveryCode; Session,/api/v1,CRUD /auth/mfa; POST /auth/challenges; POST /auth/challenges/{id}/verify,인증수단 CRUD; 일회용 검증,이메일/OTP 설정·코드입력·만료·재전송,preauth/member,A/B회사·허용/거부역할·빈/보유 데이터 fixture,E2E-R024,인증전 보호API 차단; 코드만료/재사용·시도제한; recovery 1회,정상/입력오류/401/403/404/충돌·중복 중 해당조건; 새로고침·영속DB·감사·뒤로가기,planned
R025,/two-step,로그인·가입·인증,redirect-target,독립 백엔드 제안; 원본 정상상태 미확정 항목은 P00에서 확인,P02-T02,MfaFactor; AuthChallenge; RecoveryCode; Session,/api/v1,CRUD /auth/mfa; POST /auth/challenges; POST /auth/challenges/{id}/verify,인증수단 CRUD; 일회용 검증,이메일/OTP 설정·코드입력·만료·재전송,preauth/member,A/B회사·허용/거부역할·빈/보유 데이터 fixture,E2E-R025,인증전 보호API 차단; 코드만료/재사용·시도제한; recovery 1회,정상/입력오류/401/403/404/충돌·중복 중 해당조건; 새로고침·영속DB·감사·뒤로가기,planned
R026,/not-allow-ip,로그인·가입·인증,source-based,독립 백엔드 제안; 원본 정상상태 미확정 항목은 P00에서 확인,P02-T04,AuthAttempt; IpRule; Session,/api/v1,GET /auth/attempts/{id}/status,R,IP 제한·로그인 실패·다시 시도; 오류코드 안전 표시,preauth,A/B회사·허용/거부역할·빈/보유 데이터 fixture,E2E-R026,다른 attempt 정보 미노출; 제한우회 불가; 원인정책 추적,정상/입력오류/401/403/404/충돌·중복 중 해당조건; 새로고침·영속DB·감사·뒤로가기,planned
R027,/login-email,로그인·가입·인증,source-based,독립 백엔드 제안; 원본 정상상태 미확정 항목은 P00에서 확인,P02-T02,MfaFactor; AuthChallenge; RecoveryCode; Session,/api/v1,CRUD /auth/mfa; POST /auth/challenges; POST /auth/challenges/{id}/verify,인증수단 CRUD; 일회용 검증,이메일/OTP 설정·코드입력·만료·재전송,preauth/member,A/B회사·허용/거부역할·빈/보유 데이터 fixture,E2E-R027,인증전 보호API 차단; 코드만료/재사용·시도제한; recovery 1회,정상/입력오류/401/403/404/충돌·중복 중 해당조건; 새로고침·영속DB·감사·뒤로가기,planned
R028,/login-otp,로그인·가입·인증,source-based,독립 백엔드 제안; 원본 정상상태 미확정 항목은 P00에서 확인,P02-T02,MfaFactor; AuthChallenge; RecoveryCode; Session,/api/v1,CRUD /auth/mfa; POST /auth/challenges; POST /auth/challenges/{id}/verify,인증수단 CRUD; 일회용 검증,이메일/OTP 설정·코드입력·만료·재전송,preauth/member,A/B회사·허용/거부역할·빈/보유 데이터 fixture,E2E-R028,인증전 보호API 차단; 코드만료/재사용·시도제한; recovery 1회,정상/입력오류/401/403/404/충돌·중복 중 해당조건; 새로고침·영속DB·감사·뒤로가기,planned
R029,/login-failed,로그인·가입·인증,source-based,독립 백엔드 제안; 원본 정상상태 미확정 항목은 P00에서 확인,P02-T04,AuthAttempt; IpRule; Session,/api/v1,GET /auth/attempts/{id}/status,R,IP 제한·로그인 실패·다시 시도; 오류코드 안전 표시,preauth,A/B회사·허용/거부역할·빈/보유 데이터 fixture,E2E-R029,다른 attempt 정보 미노출; 제한우회 불가; 원인정책 추적,정상/입력오류/401/403/404/충돌·중복 중 해당조건; 새로고침·영속DB·감사·뒤로가기,planned
R030,/set/authority,회사·서비스·구성원·권한 관리,redirect-target,독립 백엔드 제안; 원본 정상상태 미확정 항목은 P00에서 확인,P03-T02,Role; Permission; ServiceGrant; Membership,/api/v1,CRUD /roles; GET /permissions; PUT /members/{id}/grants,역할 CRUD/권한 변경,권한목록·역할 편집·서비스별 체크·변경확인,owner/admin,A/B회사·허용/거부역할·빈/보유 데이터 fixture,E2E-R030,자기권한초과 부여 금지; 마지막owner 유지; API 즉시반영,정상/입력오류/401/403/404/충돌·중복 중 해당조건; 새로고침·영속DB·감사·뒤로가기,planned
R031,/log/authority,모니터링·로그,restricted-view,독립 백엔드 제안; 원본 정상상태 미확정 항목은 P00에서 확인,P12-T01,AuditEvent; Delivery; DestructionJob; MonthlyClose; ExportJob,/api/v1,GET /audit-events?kind=; GET /destructions; GET /deliveries; GET /monthly-closes; POST /exports,R/export; 시스템 이벤트 C; 일정 action만,권한 부여·회수 이력; 분류별 기간·서비스·사용자 필터·상세·내보내기; 파기일정 취소/승인 별도,security/auditor/scoped-member,A/B회사·허용/거부역할·빈/보유 데이터 fixture,E2E-R031,권한 부여·회수 이벤트를 실제 생성 후 조회; 각 로그유형 실제업무로 이벤트 생성; U/D405; 타회사·PII 제한; export 동일필터,정상/입력오류/401/403/404/충돌·중복 중 해당조건; 새로고침·영속DB·감사·뒤로가기,planned
R032,/dashboard/:serviceId,대시보드·통계,local-demo-unverified,독립 백엔드 제안; 원본 정상상태 미확정 항목은 P00에서 확인,P12-T02,AnalyticsSnapshot; Submission; ConsentEvent; Subscription; ComplianceCheck,/api/v1,GET /analytics/dashboard; GET /analytics/privacy; GET /analytics/marketing; GET /compliance?serviceId=,집계 R/export; 원천업무로 갱신,전체/서비스별 카드·통계·필터·서비스행·보고서,scoped-member/auditor,실제 DB ID/토큰 fixture; demo 문자열 치환 금지,E2E-R032,원천작성·철회·파기와 집계일치; serviceId변조거부; 기간경계/0건,정상/입력오류/401/403/404/충돌·중복 중 해당조건; 새로고침·영속DB·감사·뒤로가기,planned
R033,/dashboard,대시보드,source-based,독립 백엔드 제안; 원본 정상상태 미확정 항목은 P00에서 확인,P12-T02,AnalyticsSnapshot; Submission; ConsentEvent; Subscription; ComplianceCheck,/api/v1,GET /analytics/dashboard; GET /analytics/privacy; GET /analytics/marketing; GET /compliance?serviceId=,집계 R/export; 원천업무로 갱신,전체/서비스별 카드·통계·필터·서비스행·보고서,scoped-member/auditor,A/B회사·허용/거부역할·빈/보유 데이터 fixture,E2E-R033,원천작성·철회·파기와 집계일치; serviceId변조거부; 기간경계/0건,정상/입력오류/401/403/404/충돌·중복 중 해당조건; 새로고침·영속DB·감사·뒤로가기,planned
R034,/privacy-detail,대시보드·통계,source-based,독립 백엔드 제안; 원본 정상상태 미확정 항목은 P00에서 확인,P12-T02,AnalyticsSnapshot; Submission; ConsentEvent; Subscription; ComplianceCheck,/api/v1,GET /analytics/dashboard; GET /analytics/privacy; GET /analytics/marketing; GET /compliance?serviceId=,집계 R/export; 원천업무로 갱신,전체/서비스별 카드·통계·필터·서비스행·보고서,scoped-member/auditor,A/B회사·허용/거부역할·빈/보유 데이터 fixture,E2E-R034,원천작성·철회·파기와 집계일치; serviceId변조거부; 기간경계/0건,정상/입력오류/401/403/404/충돌·중복 중 해당조건; 새로고침·영속DB·감사·뒤로가기,planned
R035,/privacy-detail/:serviceId,대시보드·통계,local-demo-unverified,독립 백엔드 제안; 원본 정상상태 미확정 항목은 P00에서 확인,P12-T02,AnalyticsSnapshot; Submission; ConsentEvent; Subscription; ComplianceCheck,/api/v1,GET /analytics/dashboard; GET /analytics/privacy; GET /analytics/marketing; GET /compliance?serviceId=,집계 R/export; 원천업무로 갱신,전체/서비스별 카드·통계·필터·서비스행·보고서,scoped-member/auditor,실제 DB ID/토큰 fixture; demo 문자열 치환 금지,E2E-R035,원천작성·철회·파기와 집계일치; serviceId변조거부; 기간경계/0건,정상/입력오류/401/403/404/충돌·중복 중 해당조건; 새로고침·영속DB·감사·뒤로가기,planned
R036,/marketing-detail,대시보드·통계,source-based,독립 백엔드 제안; 원본 정상상태 미확정 항목은 P00에서 확인,P12-T02,AnalyticsSnapshot; Submission; ConsentEvent; Subscription; ComplianceCheck,/api/v1,GET /analytics/dashboard; GET /analytics/privacy; GET /analytics/marketing; GET /compliance?serviceId=,집계 R/export; 원천업무로 갱신,전체/서비스별 카드·통계·필터·서비스행·보고서,scoped-member/auditor,A/B회사·허용/거부역할·빈/보유 데이터 fixture,E2E-R036,원천작성·철회·파기와 집계일치; serviceId변조거부; 기간경계/0건,정상/입력오류/401/403/404/충돌·중복 중 해당조건; 새로고침·영속DB·감사·뒤로가기,planned
R037,/marketing-detail/:serviceId,대시보드·통계,local-demo-unverified,독립 백엔드 제안; 원본 정상상태 미확정 항목은 P00에서 확인,P12-T02,AnalyticsSnapshot; Submission; ConsentEvent; Subscription; ComplianceCheck,/api/v1,GET /analytics/dashboard; GET /analytics/privacy; GET /analytics/marketing; GET /compliance?serviceId=,집계 R/export; 원천업무로 갱신,전체/서비스별 카드·통계·필터·서비스행·보고서,scoped-member/auditor,실제 DB ID/토큰 fixture; demo 문자열 치환 금지,E2E-R037,원천작성·철회·파기와 집계일치; serviceId변조거부; 기간경계/0건,정상/입력오류/401/403/404/충돌·중복 중 해당조건; 새로고침·영속DB·감사·뒤로가기,planned
R038,/compliance,대시보드·통계,source-based,독립 백엔드 제안; 원본 정상상태 미확정 항목은 P00에서 확인,P12-T02,AnalyticsSnapshot; Submission; ConsentEvent; Subscription; ComplianceCheck,/api/v1,GET /analytics/dashboard; GET /analytics/privacy; GET /analytics/marketing; GET /compliance?serviceId=,집계 R/export; 원천업무로 갱신,전체/서비스별 카드·통계·필터·서비스행·보고서,scoped-member/auditor,A/B회사·허용/거부역할·빈/보유 데이터 fixture,E2E-R038,원천작성·철회·파기와 집계일치; serviceId변조거부; 기간경계/0건,정상/입력오류/401/403/404/충돌·중복 중 해당조건; 새로고침·영속DB·감사·뒤로가기,planned
R039,/basic/info-usage-purpose,동의서 생성,restricted-view,독립 백엔드 제안; 원본 정상상태 미확정 항목은 P00에서 확인,P05-T01,ProcessingPurpose; Recipient; DocumentVersion,/api/v1,CRUD /processing-purposes; CRUD /recipients; POST /documents/drafts,CRUD/문서초안 생성,목적·항목·기간·제공/국외이전 입력→문서 생성,editor/service-admin,A/B회사·허용/거부역할·빈/보유 데이터 fixture,E2E-R039,필수항목·기간·수탁자검증; 생성원문과입력 일치; 다른회사FK 거부,정상/입력오류/401/403/404/충돌·중복 중 해당조건; 새로고침·영속DB·감사·뒤로가기,planned
R040,/basic/result/consent,동의서 목록,restricted-view,독립 백엔드 제안; 원본 정상상태 미확정 항목은 P00에서 확인,P05-T02,Document; DocumentVersion; ClauseTemplate; DocumentPublication,/api/v1,CRUD /documents; CRUD /clause-templates; POST /documents/{id}/publish; POST /documents/{id}/revisions,초안 CRUD/게시/개정/중단,동의서/처리방침 목록·문구·작성·편집·비교·미리보기,editor/approver,A/B회사·허용/거부역할·빈/보유 데이터 fixture,E2E-R040,게시버전불변; 새버전 생성; 의존응답 유지; U/D 권한검사,정상/입력오류/401/403/404/충돌·중복 중 해당조건; 새로고침·영속DB·감사·뒤로가기,planned
R041,/basic/result/consent/phrase,동의서·처리방침,restricted-view,독립 백엔드 제안; 원본 정상상태 미확정 항목은 P00에서 확인,P05-T02,Document; DocumentVersion; ClauseTemplate; DocumentPublication,/api/v1,CRUD /documents; CRUD /clause-templates; POST /documents/{id}/publish; POST /documents/{id}/revisions,초안 CRUD/게시/개정/중단,동의서/처리방침 목록·문구·작성·편집·비교·미리보기,editor/approver,A/B회사·허용/거부역할·빈/보유 데이터 fixture,E2E-R041,게시버전불변; 새버전 생성; 의존응답 유지; U/D 권한검사,정상/입력오류/401/403/404/충돌·중복 중 해당조건; 새로고침·영속DB·감사·뒤로가기,planned
R042,/basic/result/consent/edit,동의서·처리방침,restricted-view,독립 백엔드 제안; 원본 정상상태 미확정 항목은 P00에서 확인,P05-T02,Document; DocumentVersion; ClauseTemplate; DocumentPublication,/api/v1,CRUD /documents; CRUD /clause-templates; POST /documents/{id}/publish; POST /documents/{id}/revisions,초안 CRUD/게시/개정/중단,동의서/처리방침 목록·문구·작성·편집·비교·미리보기,editor/approver,A/B회사·허용/거부역할·빈/보유 데이터 fixture,E2E-R042,게시버전불변; 새버전 생성; 의존응답 유지; U/D 권한검사,정상/입력오류/401/403/404/충돌·중복 중 해당조건; 새로고침·영속DB·감사·뒤로가기,planned
R043,/basic/result/consent/create,동의서·처리방침,restricted-view,독립 백엔드 제안; 원본 정상상태 미확정 항목은 P00에서 확인,P05-T02,Document; DocumentVersion; ClauseTemplate; DocumentPublication,/api/v1,CRUD /documents; CRUD /clause-templates; POST /documents/{id}/publish; POST /documents/{id}/revisions,초안 CRUD/게시/개정/중단,동의서/처리방침 목록·문구·작성·편집·비교·미리보기,editor/approver,A/B회사·허용/거부역할·빈/보유 데이터 fixture,E2E-R043,게시버전불변; 새버전 생성; 의존응답 유지; U/D 권한검사,정상/입력오류/401/403/404/충돌·중복 중 해당조건; 새로고침·영속DB·감사·뒤로가기,planned
R044,/basic/info-usage-purpose/privacy-policy,동의서·처리방침,restricted-view,독립 백엔드 제안; 원본 정상상태 미확정 항목은 P00에서 확인,P05-T01,ProcessingPurpose; Recipient; DocumentVersion,/api/v1,CRUD /processing-purposes; CRUD /recipients; POST /documents/drafts,CRUD/문서초안 생성,목적·항목·기간·제공/국외이전 입력→문서 생성,editor/service-admin,A/B회사·허용/거부역할·빈/보유 데이터 fixture,E2E-R044,필수항목·기간·수탁자검증; 생성원문과입력 일치; 다른회사FK 거부,정상/입력오류/401/403/404/충돌·중복 중 해당조건; 새로고침·영속DB·감사·뒤로가기,planned
R045,/basic/result/policy,처리방침 관리,restricted-view,독립 백엔드 제안; 원본 정상상태 미확정 항목은 P00에서 확인,P05-T02,Document; DocumentVersion; ClauseTemplate; DocumentPublication,/api/v1,CRUD /documents; CRUD /clause-templates; POST /documents/{id}/publish; POST /documents/{id}/revisions,초안 CRUD/게시/개정/중단,동의서/처리방침 목록·문구·작성·편집·비교·미리보기,editor/approver,A/B회사·허용/거부역할·빈/보유 데이터 fixture,E2E-R045,게시버전불변; 새버전 생성; 의존응답 유지; U/D 권한검사,정상/입력오류/401/403/404/충돌·중복 중 해당조건; 새로고침·영속DB·감사·뒤로가기,planned
R046,/form/template,캐치폼 템플릿,source-based,독립 백엔드 제안; 원본 정상상태 미확정 항목은 P00에서 확인,P04-T01,FormTemplate; Form; FormVersion,/api/v1,CRUD /form-templates; POST /form-templates/{id}/copy,CRUD/복제,템플릿탭·검색·미리보기·사용·내템플릿 편집,editor/platform-admin,A/B회사·허용/거부역할·빈/보유 데이터 fixture,E2E-R046,질문/옵션/조건 전체복제; 원본독립; template 권한,정상/입력오류/401/403/404/충돌·중복 중 해당조건; 새로고침·영속DB·감사·뒤로가기,planned
R047,/form/ai/create,캐치폼·개인정보 수집,source-based,독립 백엔드 제안; 원본 정상상태 미확정 항목은 P00에서 확인,P04-T02,Form; FormVersion; Question; QuestionOption; Recipient; ApprovalRequest; Publication,/api/v1,CRUD /forms; PATCH /forms/{id}/draft; POST /forms/{id}/publish; CRUD /forms/{id}/publications,단계별 C/R/U; 초안 D/게시/공유,폼작성·질문·제공자·동의·설정·공유; 단계 state URL,editor/approver,A/B회사·허용/거부역할·빈/보유 데이터 fixture,E2E-R047,단계이동/재시작복원; 동시편집409; v3와기본경로 계약; 게시권한,정상/입력오류/401/403/404/충돌·중복 중 해당조건; 새로고침·영속DB·감사·뒤로가기,planned
R048,/form/ai/recipient,캐치폼·개인정보 수집,local-demo-unverified,독립 백엔드 제안; 원본 정상상태 미확정 항목은 P00에서 확인,P04-T02,Form; FormVersion; Question; QuestionOption; Recipient; ApprovalRequest; Publication,/api/v1,CRUD /forms; PATCH /forms/{id}/draft; POST /forms/{id}/publish; CRUD /forms/{id}/publications,단계별 C/R/U; 초안 D/게시/공유,폼작성·질문·제공자·동의·설정·공유; 단계 state URL,editor/approver,A/B회사·허용/거부역할·빈/보유 데이터 fixture,E2E-R048,단계이동/재시작복원; 동시편집409; v3와기본경로 계약; 게시권한,정상/입력오류/401/403/404/충돌·중복 중 해당조건; 새로고침·영속DB·감사·뒤로가기,planned
R049,/form/ai/set,캐치폼·개인정보 수집,local-demo-unverified,독립 백엔드 제안; 원본 정상상태 미확정 항목은 P00에서 확인,P04-T02,Form; FormVersion; Question; QuestionOption; Recipient; ApprovalRequest; Publication,/api/v1,CRUD /forms; PATCH /forms/{id}/draft; POST /forms/{id}/publish; CRUD /forms/{id}/publications,단계별 C/R/U; 초안 D/게시/공유,폼작성·질문·제공자·동의·설정·공유; 단계 state URL,editor/approver,A/B회사·허용/거부역할·빈/보유 데이터 fixture,E2E-R049,단계이동/재시작복원; 동시편집409; v3와기본경로 계약; 게시권한,정상/입력오류/401/403/404/충돌·중복 중 해당조건; 새로고침·영속DB·감사·뒤로가기,planned
R050,/form/ai/share,캐치폼·개인정보 수집,local-demo-unverified,독립 백엔드 제안; 원본 정상상태 미확정 항목은 P00에서 확인,P04-T02,Form; FormVersion; Question; QuestionOption; Recipient; ApprovalRequest; Publication,/api/v1,CRUD /forms; PATCH /forms/{id}/draft; POST /forms/{id}/publish; CRUD /forms/{id}/publications,단계별 C/R/U; 초안 D/게시/공유,폼작성·질문·제공자·동의·설정·공유; 단계 state URL,editor/approver,A/B회사·허용/거부역할·빈/보유 데이터 fixture,E2E-R050,단계이동/재시작복원; 동시편집409; v3와기본경로 계약; 게시권한,정상/입력오류/401/403/404/충돌·중복 중 해당조건; 새로고침·영속DB·감사·뒤로가기,planned
R051,/form/manage,캐치폼·업로드 목록,source-based,독립 백엔드 제안; 원본 정상상태 미확정 항목은 P00에서 확인,P04-T04,Form; FormFavorite; ImportJob,/api/v1,GET /forms; PATCH/DELETE /forms/{id}; PUT/DELETE /forms/{id}/favorite; POST /forms/{id}/copy,CRUD/archive/favorite,목록·상세필터·복제·공개상태·편집·응답·보관,editor/viewer,A/B회사·허용/거부역할·빈/보유 데이터 fixture,E2E-R051,검색·날짜·상태·페이지·선택삭제 실제DB반영; 참조중삭제409,정상/입력오류/401/403/404/충돌·중복 중 해당조건; 새로고침·영속DB·감사·뒤로가기,planned
R052,/form/manage/applicant/:formId,캐치폼·개인정보 수집,local-demo-unverified,독립 백엔드 제안; 원본 정상상태 미확정 항목은 P00에서 확인,P06-T02,Submission; Answer; ConsentReceipt; Correction; ExportJob,/api/v1,GET /forms/{id}/submissions; GET /submissions/{id}; POST /submissions/{id}/corrections; POST /submissions/{id}/withdrawals; POST /submissions/{id}/destruction,R/정정/철회/파기; C는공개폼,응답목록·마스킹·상세·파일·정정·내보내기,PII-reader/editor,실제 DB ID/토큰 fixture; demo 문자열 치환 금지,E2E-R052,서비스/formID 교차검증; correction 이력; 다른브라우저 저장증거,정상/입력오류/401/403/404/충돌·중복 중 해당조건; 새로고침·영속DB·감사·뒤로가기,planned
R053,/form/manage/applicant/:serviceId/:formId,캐치폼·개인정보 수집,local-demo-unverified,독립 백엔드 제안; 원본 정상상태 미확정 항목은 P00에서 확인,P06-T02,Submission; Answer; ConsentReceipt; Correction; ExportJob,/api/v1,GET /forms/{id}/submissions; GET /submissions/{id}; POST /submissions/{id}/corrections; POST /submissions/{id}/withdrawals; POST /submissions/{id}/destruction,R/정정/철회/파기; C는공개폼,응답목록·마스킹·상세·파일·정정·내보내기,PII-reader/editor,실제 DB ID/토큰 fixture; demo 문자열 치환 금지,E2E-R053,서비스/formID 교차검증; correction 이력; 다른브라우저 저장증거,정상/입력오류/401/403/404/충돌·중복 중 해당조건; 새로고침·영속DB·감사·뒤로가기,planned
R054,/form/manage/applicant/log/:formId,캐치폼·개인정보 수집,local-demo-unverified,독립 백엔드 제안; 원본 정상상태 미확정 항목은 P00에서 확인,P12-T01,AuditEvent; Form; Submission,/api/v1,GET /forms/{id}/audit-events; POST /exports,R/export,폼별 응답접근/변경 로그·필터·상세,auditor/service-admin,실제 DB ID/토큰 fixture; demo 문자열 치환 금지,E2E-R054,해당form 이벤트만; 로그편집불가; 다른formID 거부,정상/입력오류/401/403/404/충돌·중복 중 해당조건; 새로고침·영속DB·감사·뒤로가기,planned
R055,/form/ad-manage,광고성 정보 수신동의 관리,source-based,독립 백엔드 제안; 원본 정상상태 미확정 항목은 P00에서 확인,P07-T02,MarketingPreference; Suppression; ConsentEvent,/api/v1,GET /marketing/preferences; POST /marketing/preferences; PATCH /marketing/preferences/{id}; POST /marketing/withdrawals,동의상태 C/R/U/철회,채널별동의·검색·제외·일괄철회·내보내기,privacy-manager,A/B회사·허용/거부역할·빈/보유 데이터 fixture,E2E-R055,철회직후발송 제외; 증거 없는 opt-in 거부; 채널별 격리,정상/입력오류/401/403/404/충돌·중복 중 해당조건; 새로고침·영속DB·감사·뒤로가기,planned
R056,/form/ai/basic-frame,캐치폼·개인정보 수집,source-based,독립 백엔드 제안; 원본 정상상태 미확정 항목은 P00에서 확인,P04-T02,Form; FormVersion; Question; QuestionOption; Recipient; ApprovalRequest; Publication,/api/v1,CRUD /forms; PATCH /forms/{id}/draft; POST /forms/{id}/publish; CRUD /forms/{id}/publications,단계별 C/R/U; 초안 D/게시/공유,폼작성·질문·제공자·동의·설정·공유; 단계 state URL,editor/approver,A/B회사·허용/거부역할·빈/보유 데이터 fixture,E2E-R056,단계이동/재시작복원; 동시편집409; v3와기본경로 계약; 게시권한,정상/입력오류/401/403/404/충돌·중복 중 해당조건; 새로고침·영속DB·감사·뒤로가기,planned
R057,/form/ai/basic-frame/v3,캐치폼·개인정보 수집,local-demo-unverified,독립 백엔드 제안; 원본 정상상태 미확정 항목은 P00에서 확인,P04-T02,Form; FormVersion; Question; QuestionOption; Recipient; ApprovalRequest; Publication,/api/v1,CRUD /forms; PATCH /forms/{id}/draft; POST /forms/{id}/publish; CRUD /forms/{id}/publications,단계별 C/R/U; 초안 D/게시/공유,폼작성·질문·제공자·동의·설정·공유; 단계 state URL,editor/approver,A/B회사·허용/거부역할·빈/보유 데이터 fixture,E2E-R057,단계이동/재시작복원; 동시편집409; v3와기본경로 계약; 게시권한,정상/입력오류/401/403/404/충돌·중복 중 해당조건; 새로고침·영속DB·감사·뒤로가기,planned
R058,/form/ai/agreement,캐치폼·개인정보 수집,local-demo-unverified,독립 백엔드 제안; 원본 정상상태 미확정 항목은 P00에서 확인,P04-T02,Form; FormVersion; Question; QuestionOption; Recipient; ApprovalRequest; Publication,/api/v1,CRUD /forms; PATCH /forms/{id}/draft; POST /forms/{id}/publish; CRUD /forms/{id}/publications,단계별 C/R/U; 초안 D/게시/공유,폼작성·질문·제공자·동의·설정·공유; 단계 state URL,editor/approver,A/B회사·허용/거부역할·빈/보유 데이터 fixture,E2E-R058,단계이동/재시작복원; 동시편집409; v3와기본경로 계약; 게시권한,정상/입력오류/401/403/404/충돌·중복 중 해당조건; 새로고침·영속DB·감사·뒤로가기,planned
R059,/form/ai/setting,캐치폼·개인정보 수집,local-demo-unverified,독립 백엔드 제안; 원본 정상상태 미확정 항목은 P00에서 확인,P04-T02,Form; FormVersion; Question; QuestionOption; Recipient; ApprovalRequest; Publication,/api/v1,CRUD /forms; PATCH /forms/{id}/draft; POST /forms/{id}/publish; CRUD /forms/{id}/publications,단계별 C/R/U; 초안 D/게시/공유,폼작성·질문·제공자·동의·설정·공유; 단계 state URL,editor/approver,A/B회사·허용/거부역할·빈/보유 데이터 fixture,E2E-R059,단계이동/재시작복원; 동시편집409; v3와기본경로 계약; 게시권한,정상/입력오류/401/403/404/충돌·중복 중 해당조건; 새로고침·영속DB·감사·뒤로가기,planned
R060,/form/fixed-url,고정URL 관리,source-based,독립 백엔드 제안; 원본 정상상태 미확정 항목은 P00에서 확인,P04-T03,FixedUrl; Publication,/api/v1,CRUD /fixed-urls; POST /fixed-urls/{id}/rotate,CRUD/연결·회수,이름·연결폼·주소·QR·변경·삭제,editor,A/B회사·허용/거부역할·빈/보유 데이터 fixture,E2E-R060,중복slug409; 비공개폼연결 제한; QR 실제URL 일치,정상/입력오류/401/403/404/충돌·중복 중 해당조건; 새로고침·영속DB·감사·뒤로가기,planned
R061,/form/info-upload,개인정보 업로드,restricted-view,독립 백엔드 제안; 원본 정상상태 미확정 항목은 P00에서 확인,P07-T01,ImportJob; ImportRow; FileObject; ProcessingPurpose; Recipient,/api/v1,POST /imports; GET /imports/{id}; PATCH /imports/{id}/mapping; POST /imports/{id}/validate; POST /imports/{id}/commit; DELETE /imports/{id},수집작업 CRUD/검증/반영,파일→컬럼매핑→동의근거→제공자→preview→반영,editor/privacy-manager,A/B회사·허용/거부역할·빈/보유 데이터 fixture,E2E-R061,dry-run DB반영0; 재시도중복0; 부분오류파일/인코딩/대용량,정상/입력오류/401/403/404/충돌·중복 중 해당조건; 새로고침·영속DB·감사·뒤로가기,planned
R062,/form/info-upload/agreement,캐치폼·개인정보 수집,restricted-view,독립 백엔드 제안; 원본 정상상태 미확정 항목은 P00에서 확인,P07-T01,ImportJob; ImportRow; FileObject; ProcessingPurpose; Recipient,/api/v1,POST /imports; GET /imports/{id}; PATCH /imports/{id}/mapping; POST /imports/{id}/validate; POST /imports/{id}/commit; DELETE /imports/{id},수집작업 CRUD/검증/반영,파일→컬럼매핑→동의근거→제공자→preview→반영,editor/privacy-manager,A/B회사·허용/거부역할·빈/보유 데이터 fixture,E2E-R062,dry-run DB반영0; 재시도중복0; 부분오류파일/인코딩/대용량,정상/입력오류/401/403/404/충돌·중복 중 해당조건; 새로고침·영속DB·감사·뒤로가기,planned
R063,/form/info-upload/recipient,캐치폼·개인정보 수집,restricted-view,독립 백엔드 제안; 원본 정상상태 미확정 항목은 P00에서 확인,P07-T01,ImportJob; ImportRow; FileObject; ProcessingPurpose; Recipient,/api/v1,POST /imports; GET /imports/{id}; PATCH /imports/{id}/mapping; POST /imports/{id}/validate; POST /imports/{id}/commit; DELETE /imports/{id},수집작업 CRUD/검증/반영,파일→컬럼매핑→동의근거→제공자→preview→반영,editor/privacy-manager,A/B회사·허용/거부역할·빈/보유 데이터 fixture,E2E-R063,dry-run DB반영0; 재시도중복0; 부분오류파일/인코딩/대용량,정상/입력오류/401/403/404/충돌·중복 중 해당조건; 새로고침·영속DB·감사·뒤로가기,planned
R064,/integration/message,알림 받기,source-based,독립 백엔드 제안; 원본 정상상태 미확정 항목은 P00에서 확인,P09-T05,NotificationIntegration; NotificationSubscription; NotificationEvent; NotificationDelivery; NotificationAttempt,/api/v1,CRUD /integrations; POST /integrations/{id}/enabled; POST /integrations/{id}/test; GET /integrations/{id}/deliveries; POST /integrations/{id}/deliveries/{deliveryId}/retry,CRUD/test/enable,이벤트·서비스·URL·방식·이름·사용여부·선택삭제,service-admin,A/B회사·허용/거부역할·빈/보유 데이터 fixture,E2E-R064,편집이새항목추가되지않음; SSRF거부; 테스트채널수신·재시도,정상/입력오류/401/403/404/충돌·중복 중 해당조건; 새로고침·영속DB·감사·뒤로가기,planned
R065,/alimtalk,카카오 알림톡,observed-error,독립 백엔드 제안; 원본 정상상태 미확정 항목은 P00에서 확인,P09-T03,KakaoChannel; Sender,/api/v1,CRUD /kakao/channels; POST /kakao/channels/{id}/verify,CRUD/인증,채널목록·등록·확인·편집·사용중/삭제,message-admin,A/B회사·허용/거부역할·빈/보유 데이터 fixture,E2E-R065,실제공급자확인; 중복channel 차단; 사용중삭제제한,정상/입력오류/401/403/404/충돌·중복 중 해당조건; 새로고침·영속DB·감사·뒤로가기,planned
R066,/alimtalk/channels,카카오 알림톡,redirect-target,독립 백엔드 제안; 원본 정상상태 미확정 항목은 P00에서 확인,P09-T03,KakaoChannel; Sender,/api/v1,CRUD /kakao/channels; POST /kakao/channels/{id}/verify,CRUD/인증,채널목록·등록·확인·편집·사용중/삭제,message-admin,A/B회사·허용/거부역할·빈/보유 데이터 fixture,E2E-R066,실제공급자확인; 중복channel 차단; 사용중삭제제한,정상/입력오류/401/403/404/충돌·중복 중 해당조건; 새로고침·영속DB·감사·뒤로가기,planned
R067,/alimtalk/templates,카카오 알림톡,redirect-target,독립 백엔드 제안; 원본 정상상태 미확정 항목은 P00에서 확인,P09-T03,KakaoTemplate; KakaoChannel; MessageTemplate,/api/v1,CRUD /kakao/templates; POST /kakao/templates/{id}/submit; GET /kakao/templates/{id}/review; POST /kakao/templates/preview,CRUD/심사/preview,목록·등록·상세·편집·반려수정·playground 미리보기,message-editor,A/B회사·허용/거부역할·빈/보유 데이터 fixture,E2E-R067,변수/버튼 검증; 승인전발송거부; 수정재심사·preview 저장독립,정상/입력오류/401/403/404/충돌·중복 중 해당조건; 새로고침·영속DB·감사·뒤로가기,planned
R068,/alimtalk/templates/register,카카오 알림톡,redirect-target,독립 백엔드 제안; 원본 정상상태 미확정 항목은 P00에서 확인,P09-T03,KakaoTemplate; KakaoChannel; MessageTemplate,/api/v1,CRUD /kakao/templates; POST /kakao/templates/{id}/submit; GET /kakao/templates/{id}/review; POST /kakao/templates/preview,CRUD/심사/preview,목록·등록·상세·편집·반려수정·playground 미리보기,message-editor,A/B회사·허용/거부역할·빈/보유 데이터 fixture,E2E-R068,변수/버튼 검증; 승인전발송거부; 수정재심사·preview 저장독립,정상/입력오류/401/403/404/충돌·중복 중 해당조건; 새로고침·영속DB·감사·뒤로가기,planned
R069,/alimtalk/templates/:templateId,카카오 알림톡,unavailable-placeholder,독립 백엔드 제안; 원본 정상상태 미확정 항목은 P00에서 확인,P09-T03,KakaoTemplate; KakaoChannel; MessageTemplate,/api/v1,CRUD /kakao/templates; POST /kakao/templates/{id}/submit; GET /kakao/templates/{id}/review; POST /kakao/templates/preview,CRUD/심사/preview,목록·등록·상세·편집·반려수정·playground 미리보기,message-editor,실제 DB ID/토큰 fixture; demo 문자열 치환 금지,E2E-R069,변수/버튼 검증; 승인전발송거부; 수정재심사·preview 저장독립,정상/입력오류/401/403/404/충돌·중복 중 해당조건; 새로고침·영속DB·감사·뒤로가기,planned
R070,/alimtalk/templates/:templateId/edit,카카오 알림톡,unavailable-placeholder,독립 백엔드 제안; 원본 정상상태 미확정 항목은 P00에서 확인,P09-T03,KakaoTemplate; KakaoChannel; MessageTemplate,/api/v1,CRUD /kakao/templates; POST /kakao/templates/{id}/submit; GET /kakao/templates/{id}/review; POST /kakao/templates/preview,CRUD/심사/preview,목록·등록·상세·편집·반려수정·playground 미리보기,message-editor,실제 DB ID/토큰 fixture; demo 문자열 치환 금지,E2E-R070,변수/버튼 검증; 승인전발송거부; 수정재심사·preview 저장독립,정상/입력오류/401/403/404/충돌·중복 중 해당조건; 새로고침·영속DB·감사·뒤로가기,planned
R071,/alimtalk/send,카카오 알림톡,redirect-target,독립 백엔드 제안; 원본 정상상태 미확정 항목은 P00에서 확인,P09-T04,Campaign; Delivery; KakaoTemplate; LedgerEntry,/api/v1,CRUD /campaigns?channel=kakao; POST /campaigns/{id}/schedule; POST /campaigns/{id}/send,초안 CRUD/예약/전송,승인템플릿·수신자·미리보기·예약·발송확인,message-sender,A/B회사·허용/거부역할·빈/보유 데이터 fixture,E2E-R071,실제sandbox; 중복발송/미승인/거부대상 차단; 단가서버계산,정상/입력오류/401/403/404/충돌·중복 중 해당조건; 새로고침·영속DB·감사·뒤로가기,planned
R072,/alimtalk/history,카카오 알림톡,redirect-target,독립 백엔드 제안; 원본 정상상태 미확정 항목은 P00에서 확인,P09-T04,Campaign; Delivery; ProviderEvent,/api/v1,GET /campaigns?channel=kakao; GET /campaigns/{id}/deliveries; POST /campaigns/{id}/cancel; POST /deliveries/{id}/retry,R/예약취소/실패재시도,상태·수신자결과·예약·실패·다운로드,message-sender/auditor,A/B회사·허용/거부역할·빈/보유 데이터 fixture,E2E-R072,webhook 실제상태; 중복callback한번반영; 전달성공재발송 차단,정상/입력오류/401/403/404/충돌·중복 중 해당조건; 새로고침·영속DB·감사·뒤로가기,planned
R073,/kakao-playground,카카오 알림톡,source-based,독립 백엔드 제안; 원본 정상상태 미확정 항목은 P00에서 확인,P09-T03,KakaoTemplate; KakaoChannel; MessageTemplate,/api/v1,CRUD /kakao/templates; POST /kakao/templates/{id}/submit; GET /kakao/templates/{id}/review; POST /kakao/templates/preview,CRUD/심사/preview,목록·등록·상세·편집·반려수정·playground 미리보기,message-editor,A/B회사·허용/거부역할·빈/보유 데이터 fixture,E2E-R073,변수/버튼 검증; 승인전발송거부; 수정재심사·preview 저장독립,정상/입력오류/401/403/404/충돌·중복 중 해당조건; 새로고침·영속DB·감사·뒤로가기,planned
R074,/mail,이메일 서비스,observed-empty,독립 백엔드 제안; 원본 정상상태 미확정 항목은 P00에서 확인,P08-T01,Sender; ServiceGrant; Entitlement,/api/v1,GET /senders?channel=; GET /entitlements,R/등록화면이동,발신자없음·미인증 안내; 등록되면 작성화면,message-sender,A/B회사·허용/거부역할·빈/보유 데이터 fixture,E2E-R074,등록전차단·검증후작성허용; GET 라우트임의발송0,정상/입력오류/401/403/404/충돌·중복 중 해당조건; 새로고침·영속DB·감사·뒤로가기,planned
R075,/mail/catchform,이메일 발송,restricted-view,독립 백엔드 제안; 원본 정상상태 미확정 항목은 P00에서 확인,P09-T01,Campaign; MessageTemplate; Sender; Submission; Suppression,/api/v1,CRUD /campaigns?channel=email; POST /campaigns/{id}/preview; POST /campaigns/{id}/send; POST /campaigns/{id}/schedule,초안 CRUD/전송/예약,폼대상/직접입력·첨부·메일작성·미리보기·전송,message-sender,A/B회사·허용/거부역할·빈/보유 데이터 fixture,E2E-R075,실제메일함 수신; XSS/잘못된주소/철회제외; 예약취소/단일수신자실패,정상/입력오류/401/403/404/충돌·중복 중 해당조건; 새로고침·영속DB·감사·뒤로가기,planned
R076,/mail/direct,직접 입력 이메일 발송,restricted-view,독립 백엔드 제안; 원본 정상상태 미확정 항목은 P00에서 확인,P09-T01,Campaign; MessageTemplate; Sender; Submission; Suppression,/api/v1,CRUD /campaigns?channel=email; POST /campaigns/{id}/preview; POST /campaigns/{id}/send; POST /campaigns/{id}/schedule,초안 CRUD/전송/예약,폼대상/직접입력·첨부·메일작성·미리보기·전송,message-sender,A/B회사·허용/거부역할·빈/보유 데이터 fixture,E2E-R076,실제메일함 수신; XSS/잘못된주소/철회제외; 예약취소/단일수신자실패,정상/입력오류/401/403/404/충돌·중복 중 해당조건; 새로고침·영속DB·감사·뒤로가기,planned
R077,/mail/number,발신 주소 관리,source-based,독립 백엔드 제안; 원본 정상상태 미확정 항목은 P00에서 확인,P08-T01,Sender; SenderVerification; FileObject,/api/v1,CRUD /senders; POST /senders/{id}/verify; POST /senders/{id}/renew,CRUD/인증/재인증,발신주소·번호 등록/검색/증빙·검증상태·비활성,message-admin,A/B회사·허용/거부역할·빈/보유 데이터 fixture,E2E-R077,등록확인·만료·이미사용중삭제·2회사중복범위 검사,정상/입력오류/401/403/404/충돌·중복 중 해당조건; 새로고침·영속DB·감사·뒤로가기,planned
R078,/mail/history,발송 내역,source-based,독립 백엔드 제안; 원본 정상상태 미확정 항목은 P00에서 확인,P08-T04,Campaign; Delivery; ProviderEvent; ExportJob,/api/v1,GET /campaigns; GET /campaigns/{id}/deliveries; POST /campaigns/{id}/cancel; POST /deliveries/{id}/retry; POST /exports,R/취소/재시도/export,발송/예약 탭·기간필터·상세·수신자별결과,message-sender/auditor,A/B회사·허용/거부역할·빈/보유 데이터 fixture,E2E-R078,실제상태검색·예약취소·중복전송0·다른회사대상 접근거부,정상/입력오류/401/403/404/충돌·중복 중 해당조건; 새로고침·영속DB·감사·뒤로가기,planned
R079,/mail/no-mail,이메일 서비스,restricted-view,독립 백엔드 제안; 원본 정상상태 미확정 항목은 P00에서 확인,P08-T01,Sender; ServiceGrant; Entitlement,/api/v1,GET /senders?channel=; GET /entitlements,R/등록화면이동,발신자없음·미인증 안내; 등록되면 작성화면,message-sender,A/B회사·허용/거부역할·빈/보유 데이터 fixture,E2E-R079,등록전차단·검증후작성허용; GET 라우트임의발송0,정상/입력오류/401/403/404/충돌·중복 중 해당조건; 새로고침·영속DB·감사·뒤로가기,planned
R080,/log/info-monitoring,개인정보 처리로그,source-based,독립 백엔드 제안; 원본 정상상태 미확정 항목은 P00에서 확인,P12-T01,AuditEvent; Delivery; DestructionJob; MonthlyClose; ExportJob,/api/v1,GET /audit-events?kind=; GET /destructions; GET /deliveries; GET /monthly-closes; POST /exports,R/export; 시스템 이벤트 C; 일정 action만,개인정보 조회·정정·다운로드 이력; 분류별 기간·서비스·사용자 필터·상세·내보내기; 파기일정 취소/승인 별도,security/auditor/scoped-member,A/B회사·허용/거부역할·빈/보유 데이터 fixture,E2E-R080,개인정보 조회·정정·다운로드 이벤트를 실제 생성 후 조회; 각 로그유형 실제업무로 이벤트 생성; U/D405; 타회사·PII 제한; export 동일필터,정상/입력오류/401/403/404/충돌·중복 중 해당조건; 새로고침·영속DB·감사·뒤로가기,planned
R081,/log/ad-monitoring,광고성 정보 수신동의 처리로그,source-based,독립 백엔드 제안; 원본 정상상태 미확정 항목은 P00에서 확인,P12-T01,AuditEvent; Delivery; DestructionJob; MonthlyClose; ExportJob,/api/v1,GET /audit-events?kind=; GET /destructions; GET /deliveries; GET /monthly-closes; POST /exports,R/export; 시스템 이벤트 C; 일정 action만,마케팅 동의·철회 이력; 분류별 기간·서비스·사용자 필터·상세·내보내기; 파기일정 취소/승인 별도,security/auditor/scoped-member,A/B회사·허용/거부역할·빈/보유 데이터 fixture,E2E-R081,마케팅 동의·철회 이벤트를 실제 생성 후 조회; 각 로그유형 실제업무로 이벤트 생성; U/D405; 타회사·PII 제한; export 동일필터,정상/입력오류/401/403/404/충돌·중복 중 해당조건; 새로고침·영속DB·감사·뒤로가기,planned
R082,/log/customer,모니터링·로그,source-based,독립 백엔드 제안; 원본 정상상태 미확정 항목은 P00에서 확인,P12-T01,AuditEvent; Delivery; DestructionJob; MonthlyClose; ExportJob,/api/v1,GET /audit-events?kind=; GET /destructions; GET /deliveries; GET /monthly-closes; POST /exports,R/export; 시스템 이벤트 C; 일정 action만,정보주체/응답 변경 이력; 분류별 기간·서비스·사용자 필터·상세·내보내기; 파기일정 취소/승인 별도,security/auditor/scoped-member,A/B회사·허용/거부역할·빈/보유 데이터 fixture,E2E-R082,정보주체/응답 변경 이벤트를 실제 생성 후 조회; 각 로그유형 실제업무로 이벤트 생성; U/D405; 타회사·PII 제한; export 동일필터,정상/입력오류/401/403/404/충돌·중복 중 해당조건; 새로고침·영속DB·감사·뒤로가기,planned
R083,/log/service,서비스 이용로그,source-based,독립 백엔드 제안; 원본 정상상태 미확정 항목은 P00에서 확인,P12-T01,AuditEvent; Delivery; DestructionJob; MonthlyClose; ExportJob,/api/v1,GET /audit-events?kind=; GET /destructions; GET /deliveries; GET /monthly-closes; POST /exports,R/export; 시스템 이벤트 C; 일정 action만,서비스 생성·수정·보관 이력; 분류별 기간·서비스·사용자 필터·상세·내보내기; 파기일정 취소/승인 별도,security/auditor/scoped-member,A/B회사·허용/거부역할·빈/보유 데이터 fixture,E2E-R083,서비스 생성·수정·보관 이벤트를 실제 생성 후 조회; 각 로그유형 실제업무로 이벤트 생성; U/D405; 타회사·PII 제한; export 동일필터,정상/입력오류/401/403/404/충돌·중복 중 해당조건; 새로고침·영속DB·감사·뒤로가기,planned
R084,/log/collect-destruction,모니터링·로그,source-based,독립 백엔드 제안; 원본 정상상태 미확정 항목은 P00에서 확인,P12-T01,AuditEvent; Delivery; DestructionJob; MonthlyClose; ExportJob,/api/v1,GET /audit-events?kind=; GET /destructions; GET /deliveries; GET /monthly-closes; POST /exports,R/export; 시스템 이벤트 C; 일정 action만,응답 수집·실제 파기 이력; 분류별 기간·서비스·사용자 필터·상세·내보내기; 파기일정 취소/승인 별도,security/auditor/scoped-member,A/B회사·허용/거부역할·빈/보유 데이터 fixture,E2E-R084,응답 수집·실제 파기 이벤트를 실제 생성 후 조회; 각 로그유형 실제업무로 이벤트 생성; U/D405; 타회사·PII 제한; export 동일필터,정상/입력오류/401/403/404/충돌·중복 중 해당조건; 새로고침·영속DB·감사·뒤로가기,planned
R085,/log/destruction_certificate,모니터링·로그,restricted-view,독립 백엔드 제안; 원본 정상상태 미확정 항목은 P00에서 확인,P12-T01,AuditEvent; Delivery; DestructionJob; MonthlyClose; ExportJob,/api/v1,GET /audit-events?kind=; GET /destructions; GET /deliveries; GET /monthly-closes; POST /exports,R/export; 시스템 이벤트 C; 일정 action만,파기증명서 발급·다운로드 이력; 분류별 기간·서비스·사용자 필터·상세·내보내기; 파기일정 취소/승인 별도,security/auditor/scoped-member,A/B회사·허용/거부역할·빈/보유 데이터 fixture,E2E-R085,파기증명서 발급·다운로드 이벤트를 실제 생성 후 조회; 각 로그유형 실제업무로 이벤트 생성; U/D405; 타회사·PII 제한; export 동일필터,정상/입력오류/401/403/404/충돌·중복 중 해당조건; 새로고침·영속DB·감사·뒤로가기,planned
R086,/log/form-approval,모니터링·로그,restricted-view,독립 백엔드 제안; 원본 정상상태 미확정 항목은 P00에서 확인,P12-T01,AuditEvent; Delivery; DestructionJob; MonthlyClose; ExportJob,/api/v1,GET /audit-events?kind=; GET /destructions; GET /deliveries; GET /monthly-closes; POST /exports,R/export; 시스템 이벤트 C; 일정 action만,폼 승인·반려 이력; 분류별 기간·서비스·사용자 필터·상세·내보내기; 파기일정 취소/승인 별도,security/auditor/scoped-member,A/B회사·허용/거부역할·빈/보유 데이터 fixture,E2E-R086,폼 승인·반려 이벤트를 실제 생성 후 조회; 각 로그유형 실제업무로 이벤트 생성; U/D405; 타회사·PII 제한; export 동일필터,정상/입력오류/401/403/404/충돌·중복 중 해당조건; 새로고침·영속DB·감사·뒤로가기,planned
R087,/log/destruction-schedule,모니터링·로그,restricted-view,독립 백엔드 제안; 원본 정상상태 미확정 항목은 P00에서 확인,P12-T01,AuditEvent; Delivery; DestructionJob; MonthlyClose; ExportJob,/api/v1,GET /audit-events?kind=; GET /destructions; GET /deliveries; GET /monthly-closes; POST /exports,R/export; 시스템 이벤트 C; 일정 action만,파기 예약·보류·취소 이력; 분류별 기간·서비스·사용자 필터·상세·내보내기; 파기일정 취소/승인 별도,security/auditor/scoped-member,A/B회사·허용/거부역할·빈/보유 데이터 fixture,E2E-R087,파기 예약·보류·취소 이벤트를 실제 생성 후 조회; 각 로그유형 실제업무로 이벤트 생성; U/D405; 타회사·PII 제한; export 동일필터,정상/입력오류/401/403/404/충돌·중복 중 해당조건; 새로고침·영속DB·감사·뒤로가기,planned
R088,/log/mail,이메일 발송현황,restricted-view,독립 백엔드 제안; 원본 정상상태 미확정 항목은 P00에서 확인,P12-T01,AuditEvent; Delivery; DestructionJob; MonthlyClose; ExportJob,/api/v1,GET /audit-events?kind=; GET /destructions; GET /deliveries; GET /monthly-closes; POST /exports,R/export; 시스템 이벤트 C; 일정 action만,이메일 전달·반송·수신거부 이력; 분류별 기간·서비스·사용자 필터·상세·내보내기; 파기일정 취소/승인 별도,security/auditor/scoped-member,A/B회사·허용/거부역할·빈/보유 데이터 fixture,E2E-R088,이메일 전달·반송·수신거부 이벤트를 실제 생성 후 조회; 각 로그유형 실제업무로 이벤트 생성; U/D405; 타회사·PII 제한; export 동일필터,정상/입력오류/401/403/404/충돌·중복 중 해당조건; 새로고침·영속DB·감사·뒤로가기,planned
R089,/log/month-monitoring,마감 데이터 조회,restricted-view,독립 백엔드 제안; 원본 정상상태 미확정 항목은 P00에서 확인,P12-T01,AuditEvent; Delivery; DestructionJob; MonthlyClose; ExportJob,/api/v1,GET /audit-events?kind=; GET /destructions; GET /deliveries; GET /monthly-closes; POST /exports,R/export; 시스템 이벤트 C; 일정 action만,월별 마감·조정 이력; 분류별 기간·서비스·사용자 필터·상세·내보내기; 파기일정 취소/승인 별도,security/auditor/scoped-member,A/B회사·허용/거부역할·빈/보유 데이터 fixture,E2E-R089,월별 마감·조정 이벤트를 실제 생성 후 조회; 각 로그유형 실제업무로 이벤트 생성; U/D405; 타회사·PII 제한; export 동일필터,정상/입력오류/401/403/404/충돌·중복 중 해당조건; 새로고침·영속DB·감사·뒤로가기,planned
R090,/log/access-history,모니터링·로그,restricted-view,독립 백엔드 제안; 원본 정상상태 미확정 항목은 P00에서 확인,P12-T01,AuditEvent; Delivery; DestructionJob; MonthlyClose; ExportJob,/api/v1,GET /audit-events?kind=; GET /destructions; GET /deliveries; GET /monthly-closes; POST /exports,R/export; 시스템 이벤트 C; 일정 action만,세션 로그인·접속 이력; 분류별 기간·서비스·사용자 필터·상세·내보내기; 파기일정 취소/승인 별도,security/auditor/scoped-member,A/B회사·허용/거부역할·빈/보유 데이터 fixture,E2E-R090,세션 로그인·접속 이벤트를 실제 생성 후 조회; 각 로그유형 실제업무로 이벤트 생성; U/D405; 타회사·PII 제한; export 동일필터,정상/입력오류/401/403/404/충돌·중복 중 해당조건; 새로고침·영속DB·감사·뒤로가기,planned
R091,/log/external-viewer,외부 열람자 로그,restricted-view,독립 백엔드 제안; 원본 정상상태 미확정 항목은 P00에서 확인,P12-T01,AuditEvent; Delivery; DestructionJob; MonthlyClose; ExportJob,/api/v1,GET /audit-events?kind=; GET /destructions; GET /deliveries; GET /monthly-closes; POST /exports,R/export; 시스템 이벤트 C; 일정 action만,외부열람자 인증·열람 이력; 분류별 기간·서비스·사용자 필터·상세·내보내기; 파기일정 취소/승인 별도,security/auditor/scoped-member,A/B회사·허용/거부역할·빈/보유 데이터 fixture,E2E-R091,외부열람자 인증·열람 이벤트를 실제 생성 후 조회; 각 로그유형 실제업무로 이벤트 생성; U/D405; 타회사·PII 제한; export 동일필터,정상/입력오류/401/403/404/충돌·중복 중 해당조건; 새로고침·영속DB·감사·뒤로가기,planned
R092,/my-page,마이페이지,local-demo-unverified,독립 백엔드 제안; 원본 정상상태 미확정 항목은 P00에서 확인,P03-T03,User; Membership; Session; CompanyClosure,/api/v1,GET/PATCH /me; GET /me/sessions; DELETE /me/sessions/{id}; POST /me/closure,본인 R/U/탈퇴; C는가입,프로필조회/편집·세션·연결계정·탈퇴·인계,member,A/B회사·허용/거부역할·빈/보유 데이터 fixture,E2E-R092,기기재로그인반영; 이메일변경재확인; 마지막owner인계; 세션회수,정상/입력오류/401/403/404/충돌·중복 중 해당조건; 새로고침·영속DB·감사·뒤로가기,planned
R093,/my-page/info,마이페이지,source-based,독립 백엔드 제안; 원본 정상상태 미확정 항목은 P00에서 확인,P03-T03,User; Membership; Session; CompanyClosure,/api/v1,GET/PATCH /me; GET /me/sessions; DELETE /me/sessions/{id}; POST /me/closure,본인 R/U/탈퇴; C는가입,프로필조회/편집·세션·연결계정·탈퇴·인계,member,A/B회사·허용/거부역할·빈/보유 데이터 fixture,E2E-R093,기기재로그인반영; 이메일변경재확인; 마지막owner인계; 세션회수,정상/입력오류/401/403/404/충돌·중복 중 해당조건; 새로고침·영속DB·감사·뒤로가기,planned
R094,/my-page/info/edit,마이페이지,source-based,독립 백엔드 제안; 원본 정상상태 미확정 항목은 P00에서 확인,P03-T03,User; Membership; Session; CompanyClosure,/api/v1,GET/PATCH /me; GET /me/sessions; DELETE /me/sessions/{id}; POST /me/closure,본인 R/U/탈퇴; C는가입,프로필조회/편집·세션·연결계정·탈퇴·인계,member,A/B회사·허용/거부역할·빈/보유 데이터 fixture,E2E-R094,기기재로그인반영; 이메일변경재확인; 마지막owner인계; 세션회수,정상/입력오류/401/403/404/충돌·중복 중 해당조건; 새로고침·영속DB·감사·뒤로가기,planned
R095,/my-page/delete,마이페이지,source-based,독립 백엔드 제안; 원본 정상상태 미확정 항목은 P00에서 확인,P03-T03,User; Membership; Session; CompanyClosure,/api/v1,GET/PATCH /me; GET /me/sessions; DELETE /me/sessions/{id}; POST /me/closure,본인 R/U/탈퇴; C는가입,프로필조회/편집·세션·연결계정·탈퇴·인계,member,A/B회사·허용/거부역할·빈/보유 데이터 fixture,E2E-R095,기기재로그인반영; 이메일변경재확인; 마지막owner인계; 세션회수,정상/입력오류/401/403/404/충돌·중복 중 해당조건; 새로고침·영속DB·감사·뒤로가기,planned
R096,/my-page/activity-log,마이페이지,source-based,독립 백엔드 제안; 원본 정상상태 미확정 항목은 P00에서 확인,P12-T01,AuditEvent; Session,/api/v1,GET /me/audit-events?kind=; POST /exports,본인이력 R/export,본인 활동·개인정보 활동 필터/상세,member,A/B회사·허용/거부역할·빈/보유 데이터 fixture,E2E-R096,다른userId변조거부; 본인이력범위; 원문PII 미노출,정상/입력오류/401/403/404/충돌·중복 중 해당조건; 새로고침·영속DB·감사·뒤로가기,planned
R097,/my-page/info-activity-log,마이페이지,source-based,독립 백엔드 제안; 원본 정상상태 미확정 항목은 P00에서 확인,P12-T01,AuditEvent; Session,/api/v1,GET /me/audit-events?kind=; POST /exports,본인이력 R/export,본인 활동·개인정보 활동 필터/상세,member,A/B회사·허용/거부역할·빈/보유 데이터 fixture,E2E-R097,다른userId변조거부; 본인이력범위; 원문PII 미노출,정상/입력오류/401/403/404/충돌·중복 중 해당조건; 새로고침·영속DB·감사·뒤로가기,planned
R098,/notice,공지·도움말·시스템,source-based,독립 백엔드 제안; 원본 정상상태 미확정 항목은 P00에서 확인,P13-T01,Notice; FileObject,/api/v1,GET /notices; GET /notices/{id}; CRUD /admin/notices,사용자 R; 운영자 CRUD/게시,목록·검색·상세·페이지; 운영자 작성/편집/미리보기/보관,member/platform-admin,A/B회사·허용/거부역할·빈/보유 데이터 fixture,E2E-R098,작성→게시→다른 계정 조회→수정→보관; 임의 ID404; HTML sanitize,정상/입력오류/401/403/404/충돌·중복 중 해당조건; 새로고침·영속DB·감사·뒤로가기,planned
R099,/notice/:admNotiId,공지·도움말·시스템,source-based,독립 백엔드 제안; 원본 정상상태 미확정 항목은 P00에서 확인,P13-T01,Notice; FileObject,/api/v1,GET /notices; GET /notices/{id}; CRUD /admin/notices,사용자 R; 운영자 CRUD/게시,목록·검색·상세·페이지; 운영자 작성/편집/미리보기/보관,member/platform-admin,실제 DB ID/토큰 fixture; demo 문자열 치환 금지,E2E-R099,작성→게시→다른 계정 조회→수정→보관; 임의 ID404; HTML sanitize,정상/입력오류/401/403/404/충돌·중복 중 해당조건; 새로고침·영속DB·감사·뒤로가기,planned
R100,/pay/membership/detail,라이선스·결제,source-based,독립 백엔드 제안; 원본 정상상태 미확정 항목은 P00에서 확인,P10-T01,Plan; Subscription; Entitlement; UsageEvent,/api/v1,GET /plans; CRUD /subscriptions; GET /entitlements; GET /assets; GET /billing-policy,R/구독 C/U/해지,상품·가격·월/연·구독·할당량·자산·정책,owner/billing,A/B회사·허용/거부역할·빈/보유 데이터 fixture,E2E-R100,구독변경/해지에 entitlement 반영; 서버가격; 제한계정403,정상/입력오류/401/403/404/충돌·중복 중 해당조건; 새로고침·영속DB·감사·뒤로가기,planned
R101,/pay/billing-policy,라이선스·결제,redirect-target,독립 백엔드 제안; 원본 정상상태 미확정 항목은 P00에서 확인,P10-T01,Plan; Subscription; Entitlement; UsageEvent,/api/v1,GET /plans; CRUD /subscriptions; GET /entitlements; GET /assets; GET /billing-policy,R/구독 C/U/해지,상품·가격·월/연·구독·할당량·자산·정책,owner/billing,A/B회사·허용/거부역할·빈/보유 데이터 fixture,E2E-R101,구독변경/해지에 entitlement 반영; 서버가격; 제한계정403,정상/입력오류/401/403/404/충돌·중복 중 해당조건; 새로고침·영속DB·감사·뒤로가기,planned
R102,/pay/license-service,구독 및 결제수단 관리,source-based,독립 백엔드 제안; 원본 정상상태 미확정 항목은 P00에서 확인,P10-T01,Plan; Subscription; Entitlement; UsageEvent,/api/v1,GET /plans; CRUD /subscriptions; GET /entitlements; GET /assets; GET /billing-policy,R/구독 C/U/해지,상품·가격·월/연·구독·할당량·자산·정책,owner/billing,A/B회사·허용/거부역할·빈/보유 데이터 fixture,E2E-R102,구독변경/해지에 entitlement 반영; 서버가격; 제한계정403,정상/입력오류/401/403/404/충돌·중복 중 해당조건; 새로고침·영속DB·감사·뒤로가기,planned
R103,/pay/service-asset,라이선스·결제,restricted-view,독립 백엔드 제안; 원본 정상상태 미확정 항목은 P00에서 확인,P10-T01,Plan; Subscription; Entitlement; UsageEvent,/api/v1,GET /plans; CRUD /subscriptions; GET /entitlements; GET /assets; GET /billing-policy,R/구독 C/U/해지,상품·가격·월/연·구독·할당량·자산·정책,owner/billing,A/B회사·허용/거부역할·빈/보유 데이터 fixture,E2E-R103,구독변경/해지에 entitlement 반영; 서버가격; 제한계정403,정상/입력오류/401/403/404/충돌·중복 중 해당조건; 새로고침·영속DB·감사·뒤로가기,planned
R104,/pay/method,라이선스·결제,redirect-target,독립 백엔드 제안; 원본 정상상태 미확정 항목은 P00에서 확인,P10-T02,PaymentMethod,/api/v1,CRUD /payment-methods; POST /payment-methods/{id}/default,token수단 CRUD,수단추가·대표선택·삭제·PG인증결과,billing,A/B회사·허용/거부역할·빈/보유 데이터 fixture,E2E-R104,PAN/CVV 미저장; 사용중수단삭제정책; PG취소/실패,정상/입력오류/401/403/404/충돌·중복 중 해당조건; 새로고침·영속DB·감사·뒤로가기,planned
R105,/pay/cancel,라이선스·결제,unavailable-placeholder,독립 백엔드 제안; 원본 정상상태 미확정 항목은 P00에서 확인,P10-T04,Refund; Purchase; Subscription; LedgerEntry,/api/v1,POST /purchases/{id}/refunds; GET /refunds/{id}; POST /subscriptions/{id}/cancel,환불/해지 요청 C; R,취소대상·사유·예상환불·확인·처리상태,billing,A/B회사·허용/거부역할·빈/보유 데이터 fixture,E2E-R105,환불중복/누계초과/타purchase 차단; 외부환불+원장대사,정상/입력오류/401/403/404/충돌·중복 중 해당조건; 새로고침·영속DB·감사·뒤로가기,planned
R106,/pay/history,자산 및 결제 내역,source-based,독립 백엔드 제안; 원본 정상상태 미확정 항목은 P00에서 확인,P10-T03,Purchase; Refund; UsageEvent; LedgerEntry; MonthlyClose,/api/v1,GET /purchases; GET /usage-events; GET /ledger; POST /billing/exports,R/export,결제/환불/문자/본인인증사용 탭·필터·상세,billing/auditor,A/B회사·허용/거부역할·빈/보유 데이터 fixture,E2E-R106,서버집계와원장일치; 월경계·0건·pagination·다른회사거부,정상/입력오류/401/403/404/충돌·중복 중 해당조건; 새로고침·영속DB·감사·뒤로가기,planned
R107,/pay/usage/history,라이선스·결제,redirect-target,독립 백엔드 제안; 원본 정상상태 미확정 항목은 P00에서 확인,P10-T03,Purchase; Refund; UsageEvent; LedgerEntry; MonthlyClose,/api/v1,GET /purchases; GET /usage-events; GET /ledger; POST /billing/exports,R/export,결제/환불/문자/본인인증사용 탭·필터·상세,billing/auditor,A/B회사·허용/거부역할·빈/보유 데이터 fixture,E2E-R107,서버집계와원장일치; 월경계·0건·pagination·다른회사거부,정상/입력오류/401/403/404/충돌·중복 중 해당조건; 새로고침·영속DB·감사·뒤로가기,planned
R108,/pay/result/success/:purchaseId,라이선스·결제,unavailable-placeholder,독립 백엔드 제안; 원본 정상상태 미확정 항목은 P00에서 확인,P10-T02,Purchase; PaymentAttempt; ProviderEvent; Entitlement,/api/v1,GET /purchases/{id}; POST /webhooks/payments/{provider},결과 R; 변경은검증webhook,성공/실패/크레딧/부가상품 결과와 영수증 이동,authenticated-purchaser,실제 DB ID/토큰 fixture; demo 문자열 치환 금지,E2E-R108,임의id/type/errorCode로상태변경불가; verified paid만성공; 지연callback 대기표시,정상/입력오류/401/403/404/충돌·중복 중 해당조건; 새로고침·영속DB·감사·뒤로가기,planned
R109,/pay/credit/success/:purchaseId,라이선스·결제,unavailable-placeholder,독립 백엔드 제안; 원본 정상상태 미확정 항목은 P00에서 확인,P10-T02,Purchase; PaymentAttempt; ProviderEvent; Entitlement,/api/v1,GET /purchases/{id}; POST /webhooks/payments/{provider},결과 R; 변경은검증webhook,성공/실패/크레딧/부가상품 결과와 영수증 이동,authenticated-purchaser,실제 DB ID/토큰 fixture; demo 문자열 치환 금지,E2E-R109,임의id/type/errorCode로상태변경불가; verified paid만성공; 지연callback 대기표시,정상/입력오류/401/403/404/충돌·중복 중 해당조건; 새로고침·영속DB·감사·뒤로가기,planned
R110,/pay/plus/success/:purchaseId,라이선스·결제,unavailable-placeholder,독립 백엔드 제안; 원본 정상상태 미확정 항목은 P00에서 확인,P10-T02,Purchase; PaymentAttempt; ProviderEvent; Entitlement,/api/v1,GET /purchases/{id}; POST /webhooks/payments/{provider},결과 R; 변경은검증webhook,성공/실패/크레딧/부가상품 결과와 영수증 이동,authenticated-purchaser,실제 DB ID/토큰 fixture; demo 문자열 치환 금지,E2E-R110,임의id/type/errorCode로상태변경불가; verified paid만성공; 지연callback 대기표시,정상/입력오류/401/403/404/충돌·중복 중 해당조건; 새로고침·영속DB·감사·뒤로가기,planned
R111,/pay/plus/success/:purchasedId/:type,라이선스·결제,unavailable-placeholder,독립 백엔드 제안; 원본 정상상태 미확정 항목은 P00에서 확인,P10-T02,Purchase; PaymentAttempt; ProviderEvent; Entitlement,/api/v1,GET /purchases/{id}; POST /webhooks/payments/{provider},결과 R; 변경은검증webhook,성공/실패/크레딧/부가상품 결과와 영수증 이동,authenticated-purchaser,실제 DB ID/토큰 fixture; demo 문자열 치환 금지,E2E-R111,임의id/type/errorCode로상태변경불가; verified paid만성공; 지연callback 대기표시,정상/입력오류/401/403/404/충돌·중복 중 해당조건; 새로고침·영속DB·감사·뒤로가기,planned
R112,/pay/result/fail,라이선스·결제,source-based,독립 백엔드 제안; 원본 정상상태 미확정 항목은 P00에서 확인,P10-T02,Purchase; PaymentAttempt; ProviderEvent; Entitlement,/api/v1,GET /purchases/{id}; POST /webhooks/payments/{provider},결과 R; 변경은검증webhook,성공/실패/크레딧/부가상품 결과와 영수증 이동,authenticated-purchaser,A/B회사·허용/거부역할·빈/보유 데이터 fixture,E2E-R112,임의id/type/errorCode로상태변경불가; verified paid만성공; 지연callback 대기표시,정상/입력오류/401/403/404/충돌·중복 중 해당조건; 새로고침·영속DB·감사·뒤로가기,planned
R113,/pay/plus/fail/:errorCode,라이선스·결제,unavailable-placeholder,독립 백엔드 제안; 원본 정상상태 미확정 항목은 P00에서 확인,P10-T02,Purchase; PaymentAttempt; ProviderEvent; Entitlement,/api/v1,GET /purchases/{id}; POST /webhooks/payments/{provider},결과 R; 변경은검증webhook,성공/실패/크레딧/부가상품 결과와 영수증 이동,authenticated-purchaser,실제 DB ID/토큰 fixture; demo 문자열 치환 금지,E2E-R113,임의id/type/errorCode로상태변경불가; verified paid만성공; 지연callback 대기표시,정상/입력오류/401/403/404/충돌·중복 중 해당조건; 새로고침·영속DB·감사·뒤로가기,planned
R114,/creditBill/:id,라이선스·결제,unavailable-placeholder,독립 백엔드 제안; 원본 정상상태 미확정 항목은 P00에서 확인,P10-T04,Invoice; Purchase; LedgerEntry; FileObject,/api/v1,GET /invoices/{id}; GET /invoices/{id}/file,R/download,크레딧/결제청구서 상세·PDF·환불가능상태,billing,실제 DB ID/토큰 fixture; demo 문자열 치환 금지,E2E-R114,금액·기간·거래번호 일치; 실제PDF; 타사청구서404,정상/입력오류/401/403/404/충돌·중복 중 해당조건; 새로고침·영속DB·감사·뒤로가기,planned
R115,/bill/:id,라이선스·결제,unavailable-placeholder,독립 백엔드 제안; 원본 정상상태 미확정 항목은 P00에서 확인,P10-T04,Invoice; Purchase; LedgerEntry; FileObject,/api/v1,GET /invoices/{id}; GET /invoices/{id}/file,R/download,크레딧/결제청구서 상세·PDF·환불가능상태,billing,실제 DB ID/토큰 fixture; demo 문자열 치환 금지,E2E-R115,금액·기간·거래번호 일치; 실제PDF; 타사청구서404,정상/입력오류/401/403/404/충돌·중복 중 해당조건; 새로고침·영속DB·감사·뒤로가기,planned
R116,/bill/:id/refund,라이선스·결제,unavailable-placeholder,독립 백엔드 제안; 원본 정상상태 미확정 항목은 P00에서 확인,P10-T04,Refund; Purchase; Subscription; LedgerEntry,/api/v1,POST /purchases/{id}/refunds; GET /refunds/{id}; POST /subscriptions/{id}/cancel,환불/해지 요청 C; R,취소대상·사유·예상환불·확인·처리상태,billing,실제 DB ID/토큰 fixture; demo 문자열 치환 금지,E2E-R116,환불중복/누계초과/타purchase 차단; 외부환불+원장대사,정상/입력오류/401/403/404/충돌·중복 중 해당조건; 새로고침·영속DB·감사·뒤로가기,planned
R117,/security,보안 설정,unavailable-placeholder,독립 백엔드 제안; 원본 정상상태 미확정 항목은 P00에서 확인,P11-T02,ComplianceCheck; CompanySecurityPolicy; IdentityProvider; IpRule,/api/v1,GET /security/overview; GET /security/checks,R/관련설정이동,보안상태·미충족조건·증거·설정바로가기,security/owner,A/B회사·허용/거부역할·빈/보유 데이터 fixture,E2E-R117,보안정책 실제상태와일치; 근거없이안전표시금지,정상/입력오류/401/403/404/충돌·중복 중 해당조건; 새로고침·영속DB·감사·뒤로가기,planned
R118,/security/compliance,보안 설정,restricted-view,독립 백엔드 제안; 원본 정상상태 미확정 항목은 P00에서 확인,P11-T02,ComplianceCheck; CompanySecurityPolicy; IdentityProvider; IpRule,/api/v1,GET /security/overview; GET /security/checks,R/관련설정이동,보안상태·미충족조건·증거·설정바로가기,security/owner,A/B회사·허용/거부역할·빈/보유 데이터 fixture,E2E-R118,보안정책 실제상태와일치; 근거없이안전표시금지,정상/입력오류/401/403/404/충돌·중복 중 해당조건; 새로고침·영속DB·감사·뒤로가기,planned
R119,/security/sso,보안 설정,restricted-view,독립 백엔드 제안; 원본 정상상태 미확정 항목은 P00에서 확인,P11-T03,IdentityProvider; ExternalIdentity; PolicyChange,/api/v1,CRUD /identity-providers; POST /identity-providers/{id}/test,CRUD/test/enable,SSO 공급자목록·설정·인증서·테스트·활성화·삭제,security/owner,A/B회사·허용/거부역할·빈/보유 데이터 fixture,E2E-R119,잘못된issuer/metadata·인증서거부; test성공후활성; 마지막로그인수단 보호,정상/입력오류/401/403/404/충돌·중복 중 해당조건; 새로고침·영속DB·감사·뒤로가기,planned
R120,/security/sso/setting,보안 설정,restricted-view,독립 백엔드 제안; 원본 정상상태 미확정 항목은 P00에서 확인,P11-T03,IdentityProvider; ExternalIdentity; PolicyChange,/api/v1,CRUD /identity-providers; POST /identity-providers/{id}/test,CRUD/test/enable,SSO 공급자목록·설정·인증서·테스트·활성화·삭제,security/owner,A/B회사·허용/거부역할·빈/보유 데이터 fixture,E2E-R120,잘못된issuer/metadata·인증서거부; test성공후활성; 마지막로그인수단 보호,정상/입력오류/401/403/404/충돌·중복 중 해당조건; 새로고침·영속DB·감사·뒤로가기,planned
R121,/security/ip,보안 설정,restricted-view,독립 백엔드 제안; 원본 정상상태 미확정 항목은 P00에서 확인,P11-T02,IpRule; CompanySecurityPolicy,/api/v1,CRUD /security/ip-rules; POST /security/ip-rules/validate,CRUD/enable,IP/CIDR 목록·등록·편집·검증·삭제,security/owner,A/B회사·허용/거부역할·빈/보유 데이터 fixture,E2E-R121,현재관리자차단 경고/복구절차; IPv6·프록시위조·실제차단,정상/입력오류/401/403/404/충돌·중복 중 해당조건; 새로고침·영속DB·감사·뒤로가기,planned
R122,/security/ip/setting,보안 설정,restricted-view,독립 백엔드 제안; 원본 정상상태 미확정 항목은 P00에서 확인,P11-T02,IpRule; CompanySecurityPolicy,/api/v1,CRUD /security/ip-rules; POST /security/ip-rules/validate,CRUD/enable,IP/CIDR 목록·등록·편집·검증·삭제,security/owner,A/B회사·허용/거부역할·빈/보유 데이터 fixture,E2E-R122,현재관리자차단 경고/복구절차; IPv6·프록시위조·실제차단,정상/입력오류/401/403/404/충돌·중복 중 해당조건; 새로고침·영속DB·감사·뒤로가기,planned
R123,/security/two-factor,보안 설정,redirect-target,독립 백엔드 제안; 원본 정상상태 미확정 항목은 P00에서 확인,P11-T02,MfaFactor; RecoveryCode; CompanySecurityPolicy,/api/v1,GET/PUT /security/mfa-policy; CRUD /auth/mfa; POST /auth/mfa/{id}/verify,정책 R/U; 본인인증수단 CRUD,회사강제정책·이메일/OTP 등록·해제·복구코드,security/owner/member-self,A/B회사·허용/거부역할·빈/보유 데이터 fixture,E2E-R123,등록완료전 활성금지; 다른사람factor삭제금지; 강제정책 즉시집행,정상/입력오류/401/403/404/충돌·중복 중 해당조건; 새로고침·영속DB·감사·뒤로가기,planned
R124,/security/two-factor/setting,보안 설정,redirect-target,독립 백엔드 제안; 원본 정상상태 미확정 항목은 P00에서 확인,P11-T02,MfaFactor; RecoveryCode; CompanySecurityPolicy,/api/v1,GET/PUT /security/mfa-policy; CRUD /auth/mfa; POST /auth/mfa/{id}/verify,정책 R/U; 본인인증수단 CRUD,회사강제정책·이메일/OTP 등록·해제·복구코드,security/owner/member-self,A/B회사·허용/거부역할·빈/보유 데이터 fixture,E2E-R124,등록완료전 활성금지; 다른사람factor삭제금지; 강제정책 즉시집행,정상/입력오류/401/403/404/충돌·중복 중 해당조건; 새로고침·영속DB·감사·뒤로가기,planned
R125,/set/company,회사 기본 정보,source-based,독립 백엔드 제안; 원본 정상상태 미확정 항목은 P00에서 확인,P03-T01,Company; FileObject; CompanyClosure,/api/v1,POST /companies; GET/PATCH /companies/{id}; POST /companies/{id}/closure,회사 C/R/U/폐쇄,회사목록/선택·상세·편집·파일·폐쇄 요청,owner/admin,A/B회사·허용/거부역할·빈/보유 데이터 fixture,E2E-R125,재시작영속; 사업자파일 검증; 잔존자산 인계·폐쇄조건,정상/입력오류/401/403/404/충돌·중복 중 해당조건; 새로고침·영속DB·감사·뒤로가기,planned
R126,/set/company/edit,회사·서비스·구성원·권한 관리,source-based,독립 백엔드 제안; 원본 정상상태 미확정 항목은 P00에서 확인,P03-T01,Company; FileObject; CompanyClosure,/api/v1,POST /companies; GET/PATCH /companies/{id}; POST /companies/{id}/closure,회사 C/R/U/폐쇄,회사목록/선택·상세·편집·파일·폐쇄 요청,owner/admin,A/B회사·허용/거부역할·빈/보유 데이터 fixture,E2E-R126,재시작영속; 사업자파일 검증; 잔존자산 인계·폐쇄조건,정상/입력오류/401/403/404/충돌·중복 중 해당조건; 새로고침·영속DB·감사·뒤로가기,planned
R127,/set/company/policy,회사 보안 정책 관리,restricted-view,독립 백엔드 제안; 원본 정상상태 미확정 항목은 P00에서 확인,P11-T01,CompanySecurityPolicy; PolicyChange,/api/v1,GET/PUT /security/policy; POST /security/policy/reset,설정 R/U/기본값복원,정책5탭 입력·저장·버전충돌·집행결과,owner/security,A/B회사·허용/거부역할·빈/보유 데이터 fixture,E2E-R127,암호/게시/파기/세션 각각 실제집행; 저장메시지만 성공 금지,정상/입력오류/401/403/404/충돌·중복 중 해당조건; 새로고침·영속DB·감사·뒤로가기,planned
R128,/set/company/policy/setting,회사·서비스·구성원·권한 관리,source-based,독립 백엔드 제안; 원본 정상상태 미확정 항목은 P00에서 확인,P11-T01,CompanySecurityPolicy; PolicyChange,/api/v1,GET/PUT /security/policy; POST /security/policy/reset,설정 R/U/기본값복원,정책5탭 입력·저장·버전충돌·집행결과,owner/security,A/B회사·허용/거부역할·빈/보유 데이터 fixture,E2E-R128,암호/게시/파기/세션 각각 실제집행; 저장메시지만 성공 금지,정상/입력오류/401/403/404/충돌·중복 중 해당조건; 새로고침·영속DB·감사·뒤로가기,planned
R129,/set/service,서비스 관리,source-based,독립 백엔드 제안; 원본 정상상태 미확정 항목은 P00에서 확인,P03-T01,Service; ServiceGrant,/api/v1,CRUD /services,CRUD/archive,서비스목록·검색·생성/수정·삭제확인·참조건수,owner/service-admin,A/B회사·허용/거부역할·빈/보유 데이터 fixture,E2E-R129,참조중409·타회사403; 생성·편집·보관·복원목록 일치,정상/입력오류/401/403/404/충돌·중복 중 해당조건; 새로고침·영속DB·감사·뒤로가기,planned
R130,/set/service/modification,회사·서비스·구성원·권한 관리,restricted-view,독립 백엔드 제안; 원본 정상상태 미확정 항목은 P00에서 확인,P03-T01,Service; ServiceGrant,/api/v1,CRUD /services,CRUD/archive,서비스목록·검색·생성/수정·삭제확인·참조건수,owner/service-admin,A/B회사·허용/거부역할·빈/보유 데이터 fixture,E2E-R130,참조중409·타회사403; 생성·편집·보관·복원목록 일치,정상/입력오류/401/403/404/충돌·중복 중 해당조건; 새로고침·영속DB·감사·뒤로가기,planned
R131,/set/service/consent,회사·서비스·구성원·권한 관리,source-based,독립 백엔드 제안; 원본 정상상태 미확정 항목은 P00에서 확인,P03-T04,ServiceConsentDisplay; DocumentVersion,/api/v1,GET/PUT /services/{id}/consent-displays; DELETE /services/{id}/consent-displays/{kind},C/R/U/D 설정,유형별 내부문서/외부링크 설정·미리보기,service-admin,A/B회사·허용/거부역할·빈/보유 데이터 fixture,E2E-R131,탭별복원·URL검증·문서범위·유형삭제 기본표시,정상/입력오류/401/403/404/충돌·중복 중 해당조건; 새로고침·영속DB·감사·뒤로가기,planned
R132,/set/service/consigment/mail,회사·서비스·구성원·권한 관리,source-based,독립 백엔드 제안; 원본 정상상태 미확정 항목은 P00에서 확인,P03-T04,Subprocessor; Campaign; Delivery,/api/v1,CRUD /services/{id}/subprocessors; POST /services/{id}/subprocessor-notices,수탁자 CRUD/공지 C,재위탁 업체·변경내용·수신자·발송확인·결과,service-admin,A/B회사·허용/거부역할·빈/보유 데이터 fixture,E2E-R132,실제메일함 수신·중복공지 방지·대상범위검증,정상/입력오류/401/403/404/충돌·중복 중 해당조건; 새로고침·영속DB·감사·뒤로가기,planned
R133,/set/member,구성원 관리,restricted-view,독립 백엔드 제안; 원본 정상상태 미확정 항목은 P00에서 확인,P03-T02,Membership; Invitation; Role; ServiceGrant,/api/v1,CRUD /members; CRUD /invitations; POST /invitations/{id}/resend,초대 C/R/U/회수; 구성원 R/U/D,구성원목록·초대·역할·서비스범위·정지/삭제,owner/admin,A/B회사·허용/거부역할·빈/보유 데이터 fixture,E2E-R133,초대수락·취소·만료; 마지막owner 거부; 본인권한초과 차단,정상/입력오류/401/403/404/충돌·중복 중 해당조건; 새로고침·영속DB·감사·뒤로가기,planned
R134,/log/member,구성원 로그,restricted-view,독립 백엔드 제안; 원본 정상상태 미확정 항목은 P00에서 확인,P12-T01,AuditEvent; Delivery; DestructionJob; MonthlyClose; ExportJob,/api/v1,GET /audit-events?kind=; GET /destructions; GET /deliveries; GET /monthly-closes; POST /exports,R/export; 시스템 이벤트 C; 일정 action만,구성원 초대·변경·회수 이력; 분류별 기간·서비스·사용자 필터·상세·내보내기; 파기일정 취소/승인 별도,security/auditor/scoped-member,A/B회사·허용/거부역할·빈/보유 데이터 fixture,E2E-R134,구성원 초대·변경·회수 이벤트를 실제 생성 후 조회; 각 로그유형 실제업무로 이벤트 생성; U/D405; 타회사·PII 제한; export 동일필터,정상/입력오류/401/403/404/충돌·중복 중 해당조건; 새로고침·영속DB·감사·뒤로가기,planned
R135,/sms,문자 서비스,observed-empty,독립 백엔드 제안; 원본 정상상태 미확정 항목은 P00에서 확인,P08-T01,Sender; ServiceGrant; Entitlement,/api/v1,GET /senders?channel=; GET /entitlements,R/등록화면이동,발신자없음·미인증 안내; 등록되면 작성화면,message-sender,A/B회사·허용/거부역할·빈/보유 데이터 fixture,E2E-R135,등록전차단·검증후작성허용; GET 라우트임의발송0,정상/입력오류/401/403/404/충돌·중복 중 해당조건; 새로고침·영속DB·감사·뒤로가기,planned
R136,/sms/catchform,문자 발송,redirect-target,독립 백엔드 제안; 원본 정상상태 미확정 항목은 P00에서 확인,P08-T02,Campaign; Sender; Submission; Suppression; LedgerEntry,/api/v1,CRUD /campaigns?channel=sms; POST /campaigns/{id}/preview; POST /campaigns/{id}/send; POST /campaigns/{id}/schedule,초안 CRUD/예약/전송,폼대상/직접번호·SMS/LMS/MMS 작성·비용·예약,message-sender,A/B회사·허용/거부역할·빈/보유 데이터 fixture,E2E-R136,문자길이/형식·번호정규화·동의제외·잔액/중복검증; 실제test전달,정상/입력오류/401/403/404/충돌·중복 중 해당조건; 새로고침·영속DB·감사·뒤로가기,planned
R137,/sms/direct,직접 입력 문자 발송,redirect-target,독립 백엔드 제안; 원본 정상상태 미확정 항목은 P00에서 확인,P08-T02,Campaign; Sender; Submission; Suppression; LedgerEntry,/api/v1,CRUD /campaigns?channel=sms; POST /campaigns/{id}/preview; POST /campaigns/{id}/send; POST /campaigns/{id}/schedule,초안 CRUD/예약/전송,폼대상/직접번호·SMS/LMS/MMS 작성·비용·예약,message-sender,A/B회사·허용/거부역할·빈/보유 데이터 fixture,E2E-R137,문자길이/형식·번호정규화·동의제외·잔액/중복검증; 실제test전달,정상/입력오류/401/403/404/충돌·중복 중 해당조건; 새로고침·영속DB·감사·뒤로가기,planned
R138,/sms/number,발신 번호 관리,source-based,독립 백엔드 제안; 원본 정상상태 미확정 항목은 P00에서 확인,P08-T01,Sender; SenderVerification; FileObject,/api/v1,CRUD /senders; POST /senders/{id}/verify; POST /senders/{id}/renew,CRUD/인증/재인증,발신주소·번호 등록/검색/증빙·검증상태·비활성,message-admin,A/B회사·허용/거부역할·빈/보유 데이터 fixture,E2E-R138,등록확인·만료·이미사용중삭제·2회사중복범위 검사,정상/입력오류/401/403/404/충돌·중복 중 해당조건; 새로고침·영속DB·감사·뒤로가기,planned
R139,/sms/history,발송 내역,source-based,독립 백엔드 제안; 원본 정상상태 미확정 항목은 P00에서 확인,P08-T04,Campaign; Delivery; ProviderEvent; ExportJob,/api/v1,GET /campaigns; GET /campaigns/{id}/deliveries; POST /campaigns/{id}/cancel; POST /deliveries/{id}/retry; POST /exports,R/취소/재시도/export,발송/예약 탭·기간필터·상세·수신자별결과,message-sender/auditor,A/B회사·허용/거부역할·빈/보유 데이터 fixture,E2E-R139,실제상태검색·예약취소·중복전송0·다른회사대상 접근거부,정상/입력오류/401/403/404/충돌·중복 중 해당조건; 새로고침·영속DB·감사·뒤로가기,planned
R140,/sms/nonumber,문자 서비스,restricted-view,독립 백엔드 제안; 원본 정상상태 미확정 항목은 P00에서 확인,P08-T01,Sender; ServiceGrant; Entitlement,/api/v1,GET /senders?channel=; GET /entitlements,R/등록화면이동,발신자없음·미인증 안내; 등록되면 작성화면,message-sender,A/B회사·허용/거부역할·빈/보유 데이터 fixture,E2E-R140,등록전차단·검증후작성허용; GET 라우트임의발송0,정상/입력오류/401/403/404/충돌·중복 중 해당조건; 새로고침·영속DB·감사·뒤로가기,planned
R141,/services/:serviceId/catchforms/category/:category/agree/:agree,외부 폼·문서·정보주체·공유 열람,local-demo-unverified,독립 백엔드 제안; 원본 정상상태 미확정 항목은 P00에서 확인,P05-T03,Service; DocumentVersion; ProcessingPurpose; Recipient; Publication,/api/v1,GET /public/services/{serviceId}/documents?category=&recipient=&country=&agreement=,게시된 문서 R,수집항목·제공/수탁자·국외이전·주민번호 관련 안내; 파라미터 의미 검증,public-document-scope,실제 DB ID/토큰 fixture; demo 문자열 치환 금지,E2E-R141,각 category/agree/isDomestic enum 검증; 비게시 문서/개인응답 미노출,정상/입력오류/401/403/404/충돌·중복 중 해당조건; 새로고침·영속DB·감사·뒤로가기,planned
R142,/services/:serviceId/catchforms/recipients/agree/:agree,외부 폼·문서·정보주체·공유 열람,local-demo-unverified,독립 백엔드 제안; 원본 정상상태 미확정 항목은 P00에서 확인,P05-T03,Service; DocumentVersion; ProcessingPurpose; Recipient; Publication,/api/v1,GET /public/services/{serviceId}/documents?category=&recipient=&country=&agreement=,게시된 문서 R,수집항목·제공/수탁자·국외이전·주민번호 관련 안내; 파라미터 의미 검증,public-document-scope,실제 DB ID/토큰 fixture; demo 문자열 치환 금지,E2E-R142,각 category/agree/isDomestic enum 검증; 비게시 문서/개인응답 미노출,정상/입력오류/401/403/404/충돌·중복 중 해당조건; 새로고침·영속DB·감사·뒤로가기,planned
R143,/services/:serviceId/oversea/catchforms/agree/:agree,외부 폼·문서·정보주체·공유 열람,local-demo-unverified,독립 백엔드 제안; 원본 정상상태 미확정 항목은 P00에서 확인,P05-T03,Service; DocumentVersion; ProcessingPurpose; Recipient; Publication,/api/v1,GET /public/services/{serviceId}/documents?category=&recipient=&country=&agreement=,게시된 문서 R,수집항목·제공/수탁자·국외이전·주민번호 관련 안내; 파라미터 의미 검증,public-document-scope,실제 DB ID/토큰 fixture; demo 문자열 치환 금지,E2E-R143,각 category/agree/isDomestic enum 검증; 비게시 문서/개인응답 미노출,정상/입력오류/401/403/404/충돌·중복 중 해당조건; 새로고침·영속DB·감사·뒤로가기,planned
R144,/services/:serviceId/catchforms,외부 폼·문서·정보주체·공유 열람,local-demo-unverified,독립 백엔드 제안; 원본 정상상태 미확정 항목은 P00에서 확인,P05-T03,Service; DocumentVersion; ProcessingPurpose; Recipient; Publication,/api/v1,GET /public/services/{serviceId}/documents?category=&recipient=&country=&agreement=,게시된 문서 R,수집항목·제공/수탁자·국외이전·주민번호 관련 안내; 파라미터 의미 검증,public-document-scope,실제 DB ID/토큰 fixture; demo 문자열 치환 금지,E2E-R144,각 category/agree/isDomestic enum 검증; 비게시 문서/개인응답 미노출,정상/입력오류/401/403/404/충돌·중복 중 해당조건; 새로고침·영속DB·감사·뒤로가기,planned
R145,/services/:serviceId/catchforms/recipients,외부 폼·문서·정보주체·공유 열람,local-demo-unverified,독립 백엔드 제안; 원본 정상상태 미확정 항목은 P00에서 확인,P05-T03,Service; DocumentVersion; ProcessingPurpose; Recipient; Publication,/api/v1,GET /public/services/{serviceId}/documents?category=&recipient=&country=&agreement=,게시된 문서 R,수집항목·제공/수탁자·국외이전·주민번호 관련 안내; 파라미터 의미 검증,public-document-scope,실제 DB ID/토큰 fixture; demo 문자열 치환 금지,E2E-R145,각 category/agree/isDomestic enum 검증; 비게시 문서/개인응답 미노출,정상/입력오류/401/403/404/충돌·중복 중 해당조건; 새로고침·영속DB·감사·뒤로가기,planned
R146,/services/:serviceId/oversea/catchforms,외부 폼·문서·정보주체·공유 열람,local-demo-unverified,독립 백엔드 제안; 원본 정상상태 미확정 항목은 P00에서 확인,P05-T03,Service; DocumentVersion; ProcessingPurpose; Recipient; Publication,/api/v1,GET /public/services/{serviceId}/documents?category=&recipient=&country=&agreement=,게시된 문서 R,수집항목·제공/수탁자·국외이전·주민번호 관련 안내; 파라미터 의미 검증,public-document-scope,실제 DB ID/토큰 fixture; demo 문자열 치환 금지,E2E-R146,각 category/agree/isDomestic enum 검증; 비게시 문서/개인응답 미노출,정상/입력오류/401/403/404/충돌·중복 중 해당조건; 새로고침·영속DB·감사·뒤로가기,planned
R147,/services/:serviceId/catchforms/:isDomestic/resident/agree/:agree,외부 폼·문서·정보주체·공유 열람,local-demo-unverified,독립 백엔드 제안; 원본 정상상태 미확정 항목은 P00에서 확인,P05-T03,Service; DocumentVersion; ProcessingPurpose; Recipient; Publication,/api/v1,GET /public/services/{serviceId}/documents?category=&recipient=&country=&agreement=,게시된 문서 R,수집항목·제공/수탁자·국외이전·주민번호 관련 안내; 파라미터 의미 검증,public-document-scope,실제 DB ID/토큰 fixture; demo 문자열 치환 금지,E2E-R147,각 category/agree/isDomestic enum 검증; 비게시 문서/개인응답 미노출,정상/입력오류/401/403/404/충돌·중복 중 해당조건; 새로고침·영속DB·감사·뒤로가기,planned
R148,/service/none,공지·도움말·시스템,restricted-view,독립 백엔드 제안; 원본 정상상태 미확정 항목은 P00에서 확인,P13-T02,Membership; ServiceGrant; AccessRequest,/api/v1,GET /context; POST /access-requests,R/권한 요청 생성,서비스 없음·접근 거부 원인과 가능한 다음 동작 표시,member,A/B회사·허용/거부역할·빈/보유 데이터 fixture,E2E-R148,무권한 상태에서 우회API 차단; 중복요청 멱등; 관리 승인 후 접근,정상/입력오류/401/403/404/충돌·중복 중 해당조건; 새로고침·영속DB·감사·뒤로가기,planned
R149,/company-info,공지·도움말·시스템,redirect-target,독립 백엔드 제안; 원본 정상상태 미확정 항목은 P00에서 확인,P03-T01,Company; Membership,/api/v1,GET /context; GET /companies/{id}; POST /companies,회사 조회/온보딩 C,기존회사 조회 또는 회사 생성으로 분기,verified-user,A/B회사·허용/거부역할·빈/보유 데이터 fixture,E2E-R149,기존회사 조회·신규 온보딩·다른회사ID 거부,정상/입력오류/401/403/404/충돌·중복 중 해당조건; 새로고침·영속DB·감사·뒤로가기,planned
R150,/login/oauth2,로그인·가입·인증,local-demo-unverified,독립 백엔드 제안; 원본 정상상태 미확정 항목은 P00에서 확인,P11-T03,IdentityProvider; ExternalIdentity; AuthAttempt,/api/v1,POST /auth/providers/{id}/start; GET /auth/providers/{id}/callback; DELETE /auth/identities/{id},로그인·연결 C/R/회수,OAuth 시작·검증·연동·실패; 연결/해제 관리,anonymous/member,A/B회사·허용/거부역할·빈/보유 데이터 fixture,E2E-R150,state/nonce/PKCE·계정연결 재인증; callback재전송 거부,정상/입력오류/401/403/404/충돌·중복 중 해당조건; 새로고침·영속DB·감사·뒤로가기,planned
R151,/login/oauth2/verified,로그인·가입·인증,local-demo-unverified,독립 백엔드 제안; 원본 정상상태 미확정 항목은 P00에서 확인,P11-T03,IdentityProvider; ExternalIdentity; AuthAttempt,/api/v1,POST /auth/providers/{id}/start; GET /auth/providers/{id}/callback; DELETE /auth/identities/{id},로그인·연결 C/R/회수,OAuth 시작·검증·연동·실패; 연결/해제 관리,anonymous/member,A/B회사·허용/거부역할·빈/보유 데이터 fixture,E2E-R151,state/nonce/PKCE·계정연결 재인증; callback재전송 거부,정상/입력오류/401/403/404/충돌·중복 중 해당조건; 새로고침·영속DB·감사·뒤로가기,planned
R152,/login/gpki,로그인·가입·인증,local-demo-unverified,독립 백엔드 제안; 원본 정상상태 미확정 항목은 P00에서 확인,P11-T04,IdentityProvider; ExternalIdentity; AuthAttempt; AuthChallenge,/api/v1,POST /auth/enterprise/{provider}/start; POST /auth/enterprise/{provider}/callback; POST /auth/enterprise/email,기관 로그인/확인/계정 연결,GPKI·새올 로그인·이메일 등록·기관별 실패,enterprise-user,A/B회사·허용/거부역할·빈/보유 데이터 fixture,E2E-R152,공식SDK/기관 식별자 확정; 실제test환경 검증; 미설정 성공금지,정상/입력오류/401/403/404/충돌·중복 중 해당조건; 새로고침·영속DB·감사·뒤로가기,planned
R153,/login/saeol,로그인·가입·인증,local-demo-unverified,독립 백엔드 제안; 원본 정상상태 미확정 항목은 P00에서 확인,P11-T04,IdentityProvider; ExternalIdentity; AuthAttempt; AuthChallenge,/api/v1,POST /auth/enterprise/{provider}/start; POST /auth/enterprise/{provider}/callback; POST /auth/enterprise/email,기관 로그인/확인/계정 연결,GPKI·새올 로그인·이메일 등록·기관별 실패,enterprise-user,A/B회사·허용/거부역할·빈/보유 데이터 fixture,E2E-R153,공식SDK/기관 식별자 확정; 실제test환경 검증; 미설정 성공금지,정상/입력오류/401/403/404/충돌·중복 중 해당조건; 새로고침·영속DB·감사·뒤로가기,planned
R154,/gpki/fail,로그인·가입·인증,local-demo-unverified,독립 백엔드 제안; 원본 정상상태 미확정 항목은 P00에서 확인,P11-T04,IdentityProvider; ExternalIdentity; AuthAttempt; AuthChallenge,/api/v1,POST /auth/enterprise/{provider}/start; POST /auth/enterprise/{provider}/callback; POST /auth/enterprise/email,기관 로그인/확인/계정 연결,GPKI·새올 로그인·이메일 등록·기관별 실패,enterprise-user,A/B회사·허용/거부역할·빈/보유 데이터 fixture,E2E-R154,공식SDK/기관 식별자 확정; 실제test환경 검증; 미설정 성공금지,정상/입력오류/401/403/404/충돌·중복 중 해당조건; 새로고침·영속DB·감사·뒤로가기,planned
R155,/gpki/email-register,로그인·가입·인증,local-demo-unverified,독립 백엔드 제안; 원본 정상상태 미확정 항목은 P00에서 확인,P11-T04,IdentityProvider; ExternalIdentity; AuthAttempt; AuthChallenge,/api/v1,POST /auth/enterprise/{provider}/start; POST /auth/enterprise/{provider}/callback; POST /auth/enterprise/email,기관 로그인/확인/계정 연결,GPKI·새올 로그인·이메일 등록·기관별 실패,enterprise-user,A/B회사·허용/거부역할·빈/보유 데이터 fixture,E2E-R155,공식SDK/기관 식별자 확정; 실제test환경 검증; 미설정 성공금지,정상/입력오류/401/403/404/충돌·중복 중 해당조건; 새로고침·영속DB·감사·뒤로가기,planned
R156,/saeol/fail/:org,로그인·가입·인증,local-demo-unverified,독립 백엔드 제안; 원본 정상상태 미확정 항목은 P00에서 확인,P11-T04,IdentityProvider; ExternalIdentity; AuthAttempt; AuthChallenge,/api/v1,POST /auth/enterprise/{provider}/start; POST /auth/enterprise/{provider}/callback; POST /auth/enterprise/email,기관 로그인/확인/계정 연결,GPKI·새올 로그인·이메일 등록·기관별 실패,enterprise-user,실제 DB ID/토큰 fixture; demo 문자열 치환 금지,E2E-R156,공식SDK/기관 식별자 확정; 실제test환경 검증; 미설정 성공금지,정상/입력오류/401/403/404/충돌·중복 중 해당조건; 새로고침·영속DB·감사·뒤로가기,planned
R157,/link/oauth2,로그인·가입·인증,local-demo-unverified,독립 백엔드 제안; 원본 정상상태 미확정 항목은 P00에서 확인,P11-T03,IdentityProvider; ExternalIdentity; AuthAttempt,/api/v1,POST /auth/providers/{id}/start; GET /auth/providers/{id}/callback; DELETE /auth/identities/{id},로그인·연결 C/R/회수,OAuth 시작·검증·연동·실패; 연결/해제 관리,anonymous/member,A/B회사·허용/거부역할·빈/보유 데이터 fixture,E2E-R157,state/nonce/PKCE·계정연결 재인증; callback재전송 거부,정상/입력오류/401/403/404/충돌·중복 중 해당조건; 새로고침·영속DB·감사·뒤로가기,planned
R158,/link/oauth2/verified,로그인·가입·인증,local-demo-unverified,독립 백엔드 제안; 원본 정상상태 미확정 항목은 P00에서 확인,P11-T03,IdentityProvider; ExternalIdentity; AuthAttempt,/api/v1,POST /auth/providers/{id}/start; GET /auth/providers/{id}/callback; DELETE /auth/identities/{id},로그인·연결 C/R/회수,OAuth 시작·검증·연동·실패; 연결/해제 관리,anonymous/member,A/B회사·허용/거부역할·빈/보유 데이터 fixture,E2E-R158,state/nonce/PKCE·계정연결 재인증; callback재전송 거부,정상/입력오류/401/403/404/충돌·중복 중 해당조건; 새로고침·영속DB·감사·뒤로가기,planned
R159,/oauth2/fail,로그인·가입·인증,local-demo-unverified,독립 백엔드 제안; 원본 정상상태 미확정 항목은 P00에서 확인,P11-T03,IdentityProvider; ExternalIdentity; AuthAttempt,/api/v1,POST /auth/providers/{id}/start; GET /auth/providers/{id}/callback; DELETE /auth/identities/{id},로그인·연결 C/R/회수,OAuth 시작·검증·연동·실패; 연결/해제 관리,anonymous/member,A/B회사·허용/거부역할·빈/보유 데이터 fixture,E2E-R159,state/nonce/PKCE·계정연결 재인증; callback재전송 거부,정상/입력오류/401/403/404/충돌·중복 중 해당조건; 새로고침·영속DB·감사·뒤로가기,planned
R160,/oauth2/signup,로그인·가입·인증,local-demo-unverified,독립 백엔드 제안; 원본 정상상태 미확정 항목은 P00에서 확인,P02-T04,User; Membership; Invitation; ExternalIdentity,/api/v1,POST /auth/signup; POST /invitations/{token}/accept; POST /auth/external/signup,계정/소속 C,일반가입·외부인증 후 가입·초대가입,anonymous/invited,A/B회사·허용/거부역할·빈/보유 데이터 fixture,E2E-R160,중복이메일·초대만료·이메일일치·외부신원검증; 회사 자동승격 금지,정상/입력오류/401/403/404/충돌·중복 중 해당조건; 새로고침·영속DB·감사·뒤로가기,planned
R161,/oauth2/invite/signup,로그인·가입·인증,local-demo-unverified,독립 백엔드 제안; 원본 정상상태 미확정 항목은 P00에서 확인,P02-T04,User; Membership; Invitation; ExternalIdentity,/api/v1,POST /auth/signup; POST /invitations/{token}/accept; POST /auth/external/signup,계정/소속 C,일반가입·외부인증 후 가입·초대가입,anonymous/invited,A/B회사·허용/거부역할·빈/보유 데이터 fixture,E2E-R161,중복이메일·초대만료·이메일일치·외부신원검증; 회사 자동승격 금지,정상/입력오류/401/403/404/충돌·중복 중 해당조건; 새로고침·영속DB·감사·뒤로가기,planned
R162,/document/P/:token,외부 폼·문서·정보주체·공유 열람,unavailable-placeholder,독립 백엔드 제안; 원본 정상상태 미확정 항목은 P00에서 확인,P05-T03,DocumentPublication; DocumentVersion; FileObject,/api/v1,GET /public/documents/{token}; GET /public/documents/{token}/file,공개 R/download,P/C/OC별 고정버전 문서·만료·회수; 유형뜻 명세,public-token,실제 DB ID/토큰 fixture; demo 문자열 치환 금지,E2E-R162,세 유형각 정상fixture; token회수/잘못된type 거부; 과거본문 유지,정상/입력오류/401/403/404/충돌·중복 중 해당조건; 새로고침·영속DB·감사·뒤로가기,planned
R163,/document/C/:token,외부 폼·문서·정보주체·공유 열람,unavailable-placeholder,독립 백엔드 제안; 원본 정상상태 미확정 항목은 P00에서 확인,P05-T03,DocumentPublication; DocumentVersion; FileObject,/api/v1,GET /public/documents/{token}; GET /public/documents/{token}/file,공개 R/download,P/C/OC별 고정버전 문서·만료·회수; 유형뜻 명세,public-token,실제 DB ID/토큰 fixture; demo 문자열 치환 금지,E2E-R163,세 유형각 정상fixture; token회수/잘못된type 거부; 과거본문 유지,정상/입력오류/401/403/404/충돌·중복 중 해당조건; 새로고침·영속DB·감사·뒤로가기,planned
R164,/document/OC/:token,외부 폼·문서·정보주체·공유 열람,unavailable-placeholder,독립 백엔드 제안; 원본 정상상태 미확정 항목은 P00에서 확인,P05-T03,DocumentPublication; DocumentVersion; FileObject,/api/v1,GET /public/documents/{token}; GET /public/documents/{token}/file,공개 R/download,P/C/OC별 고정버전 문서·만료·회수; 유형뜻 명세,public-token,실제 DB ID/토큰 fixture; demo 문자열 치환 금지,E2E-R164,세 유형각 정상fixture; token회수/잘못된type 거부; 과거본문 유지,정상/입력오류/401/403/404/충돌·중복 중 해당조건; 새로고침·영속DB·감사·뒤로가기,planned
R165,/login/saml,로그인·가입·인증,local-demo-unverified,독립 백엔드 제안; 원본 정상상태 미확정 항목은 P00에서 확인,P11-T03,IdentityProvider; ExternalIdentity; AuthAttempt,/api/v1,POST /auth/saml/{provider}/start; POST /auth/saml/{provider}/acs; GET /auth/attempts/{id}/status,SSO 요청/검증/세션 생성,SAML 회사 선택·시작·결과·실패,anonymous/member,A/B회사·허용/거부역할·빈/보유 데이터 fixture,E2E-R165,테스트IdP 성공; 서명/audience/issuer/시간창·replay 거부,정상/입력오류/401/403/404/충돌·중복 중 해당조건; 새로고침·영속DB·감사·뒤로가기,planned
R166,/login/saml/start,로그인·가입·인증,local-demo-unverified,독립 백엔드 제안; 원본 정상상태 미확정 항목은 P00에서 확인,P11-T03,IdentityProvider; ExternalIdentity; AuthAttempt,/api/v1,POST /auth/saml/{provider}/start; POST /auth/saml/{provider}/acs; GET /auth/attempts/{id}/status,SSO 요청/검증/세션 생성,SAML 회사 선택·시작·결과·실패,anonymous/member,A/B회사·허용/거부역할·빈/보유 데이터 fixture,E2E-R166,테스트IdP 성공; 서명/audience/issuer/시간창·replay 거부,정상/입력오류/401/403/404/충돌·중복 중 해당조건; 새로고침·영속DB·감사·뒤로가기,planned
R167,/login/saml/verified,로그인·가입·인증,local-demo-unverified,독립 백엔드 제안; 원본 정상상태 미확정 항목은 P00에서 확인,P11-T03,IdentityProvider; ExternalIdentity; AuthAttempt,/api/v1,POST /auth/saml/{provider}/start; POST /auth/saml/{provider}/acs; GET /auth/attempts/{id}/status,SSO 요청/검증/세션 생성,SAML 회사 선택·시작·결과·실패,anonymous/member,A/B회사·허용/거부역할·빈/보유 데이터 fixture,E2E-R167,테스트IdP 성공; 서명/audience/issuer/시간창·replay 거부,정상/입력오류/401/403/404/충돌·중복 중 해당조건; 새로고침·영속DB·감사·뒤로가기,planned
R168,/login/saml/fail,로그인·가입·인증,local-demo-unverified,독립 백엔드 제안; 원본 정상상태 미확정 항목은 P00에서 확인,P11-T03,IdentityProvider; ExternalIdentity; AuthAttempt,/api/v1,POST /auth/saml/{provider}/start; POST /auth/saml/{provider}/acs; GET /auth/attempts/{id}/status,SSO 요청/검증/세션 생성,SAML 회사 선택·시작·결과·실패,anonymous/member,A/B회사·허용/거부역할·빈/보유 데이터 fixture,E2E-R168,테스트IdP 성공; 서명/audience/issuer/시간창·replay 거부,정상/입력오류/401/403/404/충돌·중복 중 해당조건; 새로고침·영속DB·감사·뒤로가기,planned
R169,/shared-privacy/verify,외부 폼·문서·정보주체·공유 열람,source-based,독립 백엔드 제안; 원본 정상상태 미확정 항목은 P00에서 확인,P06-T04,ShareGrant; AuthChallenge; ViewerSession,/api/v1,POST /viewer/challenges; POST /viewer/challenges/{id}/verify; GET /viewer/submissions,인증 C/범위 R,폼코드·초대코드·이메일 입력→확인→허용열람,invited-viewer,A/B회사·허용/거부역할·빈/보유 데이터 fixture,E2E-R169,미인증/타메일/만료/회수 거부; 필드마스킹; 파일우회 방지,정상/입력오류/401/403/404/충돌·중복 중 해당조건; 새로고침·영속DB·감사·뒤로가기,planned
R170,/shared-privacy/email-verify,외부 폼·문서·정보주체·공유 열람,local-demo-unverified,독립 백엔드 제안; 원본 정상상태 미확정 항목은 P00에서 확인,P06-T04,ShareGrant; AuthChallenge; ViewerSession,/api/v1,POST /viewer/challenges; POST /viewer/challenges/{id}/verify; GET /viewer/submissions,인증 C/범위 R,폼코드·초대코드·이메일 입력→확인→허용열람,invited-viewer,A/B회사·허용/거부역할·빈/보유 데이터 fixture,E2E-R170,미인증/타메일/만료/회수 거부; 필드마스킹; 파일우회 방지,정상/입력오류/401/403/404/충돌·중복 중 해당조건; 새로고침·영속DB·감사·뒤로가기,planned
R171,/shared-privacy/view,외부 폼·문서·정보주체·공유 열람,local-demo-unverified,독립 백엔드 제안; 원본 정상상태 미확정 항목은 P00에서 확인,P06-T04,ShareGrant; AuthChallenge; ViewerSession,/api/v1,POST /viewer/challenges; POST /viewer/challenges/{id}/verify; GET /viewer/submissions,인증 C/범위 R,폼코드·초대코드·이메일 입력→확인→허용열람,invited-viewer,A/B회사·허용/거부역할·빈/보유 데이터 fixture,E2E-R171,미인증/타메일/만료/회수 거부; 필드마스킹; 파일우회 방지,정상/입력오류/401/403/404/충돌·중복 중 해당조건; 새로고침·영속DB·감사·뒤로가기,planned
R172,/IE,공지·도움말·시스템,redirect-target,독립 백엔드 제안; 원본 정상상태 미확정 항목은 P00에서 확인,P13-T02,Session; Membership; Service,/api/v1,GET /context; GET /health,R/상태 전이,시작·호환성·로딩 화면을 실제 세션 상태와 연결,anonymous/member,A/B회사·허용/거부역할·빈/보유 데이터 fixture,E2E-R172,session 유무별 정상 도착; 로딩 종료/에러/재시도; redirect loop 없음,정상/입력오류/401/403/404/충돌·중복 중 해당조건; 새로고침·영속DB·감사·뒤로가기,planned
R173,/infoOwner/find,외부 폼·문서·정보주체·공유 열람,source-based,독립 백엔드 제안; 원본 정상상태 미확정 항목은 P00에서 확인,P06-T05,DataSubject; SubjectSession; ConsentReceipt; ConsentEvent,/api/v1,POST /subjects/access-requests; POST /subjects/sessions; GET /subjects/me/consents; GET /subjects/me/events; POST /subjects/me/withdrawals,요청/철회 C; 본인이력 R,이력조회요청·완료·동의/행동이력·철회,verified-data-subject,A/B회사·허용/거부역할·빈/보유 데이터 fixture,E2E-R173,존재여부추측 방지; token만료·타인접근·중복철회; suppression 반영,정상/입력오류/401/403/404/충돌·중복 중 해당조건; 새로고침·영속DB·감사·뒤로가기,planned
R174,/infoOwner/find/complete,외부 폼·문서·정보주체·공유 열람,source-based,독립 백엔드 제안; 원본 정상상태 미확정 항목은 P00에서 확인,P06-T05,DataSubject; SubjectSession; ConsentReceipt; ConsentEvent,/api/v1,POST /subjects/access-requests; POST /subjects/sessions; GET /subjects/me/consents; GET /subjects/me/events; POST /subjects/me/withdrawals,요청/철회 C; 본인이력 R,이력조회요청·완료·동의/행동이력·철회,verified-data-subject,A/B회사·허용/거부역할·빈/보유 데이터 fixture,E2E-R174,존재여부추측 방지; token만료·타인접근·중복철회; suppression 반영,정상/입력오류/401/403/404/충돌·중복 중 해당조건; 새로고침·영속DB·감사·뒤로가기,planned
R175,/infoOwner/agree-history/:infoOwnerToken,외부 폼·문서·정보주체·공유 열람,unavailable-placeholder,독립 백엔드 제안; 원본 정상상태 미확정 항목은 P00에서 확인,P06-T05,DataSubject; SubjectSession; ConsentReceipt; ConsentEvent,/api/v1,POST /subjects/access-requests; POST /subjects/sessions; GET /subjects/me/consents; GET /subjects/me/events; POST /subjects/me/withdrawals,요청/철회 C; 본인이력 R,이력조회요청·완료·동의/행동이력·철회,verified-data-subject,실제 DB ID/토큰 fixture; demo 문자열 치환 금지,E2E-R175,존재여부추측 방지; token만료·타인접근·중복철회; suppression 반영,정상/입력오류/401/403/404/충돌·중복 중 해당조건; 새로고침·영속DB·감사·뒤로가기,planned
R176,/infoOwner/action-history/:infoOwnerToken,외부 폼·문서·정보주체·공유 열람,unavailable-placeholder,독립 백엔드 제안; 원본 정상상태 미확정 항목은 P00에서 확인,P06-T05,DataSubject; SubjectSession; ConsentReceipt; ConsentEvent,/api/v1,POST /subjects/access-requests; POST /subjects/sessions; GET /subjects/me/consents; GET /subjects/me/events; POST /subjects/me/withdrawals,요청/철회 C; 본인이력 R,이력조회요청·완료·동의/행동이력·철회,verified-data-subject,실제 DB ID/토큰 fixture; demo 문자열 치환 금지,E2E-R176,존재여부추측 방지; token만료·타인접근·중복철회; suppression 반영,정상/입력오류/401/403/404/충돌·중복 중 해당조건; 새로고침·영속DB·감사·뒤로가기,planned
R177,/expert/select-company,공지·도움말·시스템,source-based,독립 백엔드 제안; 원본 정상상태 미확정 항목은 P00에서 확인,P03-T02,ExpertAssignment; Company,/api/v1,GET /expert-assignments; POST /context/company,R/현재 회사 선택,배정회사 선택·배정만료·빈목록,expert,A/B회사·허용/거부역할·빈/보유 데이터 fixture,E2E-R177,배정된 회사만 선택; 미배정/회수 접근거부,정상/입력오류/401/403/404/충돌·중복 중 해당조건; 새로고침·영속DB·감사·뒤로가기,planned
R178,/access-not-allow,공지·도움말·시스템,restricted-view,독립 백엔드 제안; 원본 정상상태 미확정 항목은 P00에서 확인,P13-T02,Membership; ServiceGrant; AccessRequest,/api/v1,GET /context; POST /access-requests,R/권한 요청 생성,서비스 없음·접근 거부 원인과 가능한 다음 동작 표시,member,A/B회사·허용/거부역할·빈/보유 데이터 fixture,E2E-R178,무권한 상태에서 우회API 차단; 중복요청 멱등; 관리 승인 후 접근,정상/입력오류/401/403/404/충돌·중복 중 해당조건; 새로고침·영속DB·감사·뒤로가기,planned
R179,/loading,공지·도움말·시스템,source-based,독립 백엔드 제안; 원본 정상상태 미확정 항목은 P00에서 확인,P13-T02,Session; Membership; Service,/api/v1,GET /context; GET /health,R/상태 전이,시작·호환성·로딩 화면을 실제 세션 상태와 연결,anonymous/member,A/B회사·허용/거부역할·빈/보유 데이터 fixture,E2E-R179,session 유무별 정상 도착; 로딩 종료/에러/재시도; redirect loop 없음,정상/입력오류/401/403/404/충돌·중복 중 해당조건; 새로고침·영속DB·감사·뒤로가기,planned
R180,/help-center,캐치시큐 헬프센터,source-based,독립 백엔드 제안; 원본 정상상태 미확정 항목은 P00에서 확인,P13-T01,Guide; FileObject,/api/v1,GET /guides; GET /files/{id}/download; CRUD /admin/guides,사용자 R/download; 운영자 CRUD,분류·검색·PDF 열기; 가이드 등록·순서 변경·파일 교체·삭제,member/platform-admin,A/B회사·허용/거부역할·빈/보유 데이터 fixture,E2E-R180,파일 실제다운로드; 없는 파일/만료/권한 확인; 자료 교체 후 캐시갱신,정상/입력오류/401/403/404/충돌·중복 중 해당조건; 새로고침·영속DB·감사·뒤로가기,planned
R181,/logout,로그아웃,local-demo-unverified,독립 백엔드 제안; 원본 정상상태 미확정 항목은 P00에서 확인,P02-T01,Session,/api/v1,POST /auth/logout,세션 회수,로그아웃은 POST 후 로그인 화면; GET 진입은 확인/안전 처리,member,A/B회사·허용/거부역할·빈/보유 데이터 fixture,E2E-R181,쿠키삭제+DB세션회수; 뒤로/원래token 재사용401,정상/입력오류/401/403/404/충돌·중복 중 해당조건; 새로고침·영속DB·감사·뒤로가기,planned
