sourcePath,observedInitialType,status,existing
under14Info.privacyCollectPurpose,str,missing_structured_field,Document.body can contain prose only; no structured field mapping
under14Info.mandatoryItems[],str,missing_structured_field,Document.body can contain prose only; no structured field mapping
under14Info.optionalItems[],str,missing_structured_field,Document.body can contain prose only; no structured field mapping
under14Info.period[].prefix,str,missing_structured_field,Document.body can contain prose only; no structured field mapping
under14Info.period[].dateNumber,str,missing_structured_field,Document.body can contain prose only; no structured field mapping
under14Info.period[].dateType,str,missing_structured_field,Document.body can contain prose only; no structured field mapping
under14Info.period[].coupler,str,missing_structured_field,Document.body can contain prose only; no structured field mapping
under14Info.legalRepresentativeItems[],empty_array,missing_structured_field,Document.body can contain prose only; no structured field mapping
itServiceType,null_untyped,missing_structured_field,Document.body can contain prose only; no structured field mapping
itServiceTrustees[].companyName,str,partial,"Recipient: name/countryCode/contact/purpose/items; no serviceTrusteeType, mandatory/optional partition or reconsignment graph"
itServiceTrustees[].country,str,partial,"Recipient: name/countryCode/contact/purpose/items; no serviceTrusteeType, mandatory/optional partition or reconsignment graph"
itServiceTrustees[].contact,str,partial,"Recipient: name/countryCode/contact/purpose/items; no serviceTrusteeType, mandatory/optional partition or reconsignment graph"
itServiceTrustees[].serviceTrusteeType,str,partial,"Recipient: name/countryCode/contact/purpose/items; no serviceTrusteeType, mandatory/optional partition or reconsignment graph"
itServiceTrustees[].consignmentWork,str,partial,"Recipient: name/countryCode/contact/purpose/items; no serviceTrusteeType, mandatory/optional partition or reconsignment graph"
itServiceTrustees[].mandatoryEntrustItems[],empty_array,partial,"Recipient: name/countryCode/contact/purpose/items; no serviceTrusteeType, mandatory/optional partition or reconsignment graph"
itServiceTrustees[].optionalEntrustItems[],empty_array,partial,"Recipient: name/countryCode/contact/purpose/items; no serviceTrusteeType, mandatory/optional partition or reconsignment graph"
itServiceTrustees[].reconsignment[],empty_array,partial,"Recipient: name/countryCode/contact/purpose/items; no serviceTrusteeType, mandatory/optional partition or reconsignment graph"
devOutSourcingYn,null_untyped,missing_structured_field,Document.body can contain prose only; no structured field mapping
devOutSourcingTrustees[].companyName,str,partial,"Recipient: name/countryCode/contact/purpose/items; no serviceTrusteeType, mandatory/optional partition or reconsignment graph"
devOutSourcingTrustees[].country,str,partial,"Recipient: name/countryCode/contact/purpose/items; no serviceTrusteeType, mandatory/optional partition or reconsignment graph"
devOutSourcingTrustees[].contact,str,partial,"Recipient: name/countryCode/contact/purpose/items; no serviceTrusteeType, mandatory/optional partition or reconsignment graph"
devOutSourcingTrustees[].serviceTrusteeType,str,partial,"Recipient: name/countryCode/contact/purpose/items; no serviceTrusteeType, mandatory/optional partition or reconsignment graph"
devOutSourcingTrustees[].consignmentWork,str,partial,"Recipient: name/countryCode/contact/purpose/items; no serviceTrusteeType, mandatory/optional partition or reconsignment graph"
devOutSourcingTrustees[].mandatoryEntrustItems[],empty_array,partial,"Recipient: name/countryCode/contact/purpose/items; no serviceTrusteeType, mandatory/optional partition or reconsignment graph"
devOutSourcingTrustees[].optionalEntrustItems[],empty_array,partial,"Recipient: name/countryCode/contact/purpose/items; no serviceTrusteeType, mandatory/optional partition or reconsignment graph"
devOutSourcingTrustees[].reconsignment[],empty_array,partial,"Recipient: name/countryCode/contact/purpose/items; no serviceTrusteeType, mandatory/optional partition or reconsignment graph"
notUsageInfo.notUsageProcessType,null_untyped,missing_structured_field,Document.body can contain prose only; no structured field mapping
notUsageInfo.notUsagePIProcessDetail.notUsageStorePeriod,null_untyped,missing_structured_field,Document.body can contain prose only; no structured field mapping
notUsageInfo.notUsagePIProcessDetail.notUsageStorePeriodType,null_untyped,missing_structured_field,Document.body can contain prose only; no structured field mapping
notUsageInfo.notUsagePIProcessDetail.notUsageStoreUserCustom,str,missing_structured_field,Document.body can contain prose only; no structured field mapping
withDrawInfo.withDrawProcessType,null_untyped,missing_structured_field,Document.body can contain prose only; no structured field mapping
withDrawInfo.withDrawProcessDetail.withDrawStorePeriod,null_untyped,missing_structured_field,Document.body can contain prose only; no structured field mapping
withDrawInfo.withDrawProcessDetail.withDrawStorePeriodType,null_untyped,missing_structured_field,Document.body can contain prose only; no structured field mapping
withDrawInfo.withDrawProcessDetail.withDrawStoreInfo,str,missing_structured_field,Document.body can contain prose only; no structured field mapping
cctvInfo.cctvIsExists,null_untyped,missing_structured_field,Document.body can contain prose only; no structured field mapping
cctvInfo.cctvInstallPurposes[],empty_array,missing_structured_field,Document.body can contain prose only; no structured field mapping
cctvInfo.cctvInstallCustomPurpose,str,missing_structured_field,Document.body can contain prose only; no structured field mapping
cctvInstallInfoList[].installLocation,str,missing_structured_field,Document.body can contain prose only; no structured field mapping
cctvInstallInfoList[].totalAmount,null_untyped,missing_structured_field,Document.body can contain prose only; no structured field mapping
cctvInstallInfoList[].uptime,null_untyped,missing_structured_field,Document.body can contain prose only; no structured field mapping
cctvInstallInfoList[].cctvStorage.storagePeriod,null_untyped,missing_structured_field,Document.body can contain prose only; no structured field mapping
cctvInstallInfoList[].cctvStorage.cctvStoragePeriodType,str,missing_structured_field,Document.body can contain prose only; no structured field mapping
cctvInstallInfoList[].cctvStorage.storageLocation,str,missing_structured_field,Document.body can contain prose only; no structured field mapping
cctvInstallInfoList[].cctvConsignment,null_untyped,missing_structured_field,Document.body can contain prose only; no structured field mapping
cctvInstallInfoList[].cctvManageTrustee.trusteeName,str,missing_structured_field,Document.body can contain prose only; no structured field mapping
cctvInstallInfoList[].cctvManageTrustee.country,str,missing_structured_field,Document.body can contain prose only; no structured field mapping
cctvInstallInfoList[].cctvManageTrustee.contact,str,missing_structured_field,Document.body can contain prose only; no structured field mapping
cctvManagerInfo[].department,str,missing_structured_field,Document.body can contain prose only; no structured field mapping
cctvManagerInfo[].managerInfo,str,missing_structured_field,Document.body can contain prose only; no structured field mapping
cctvManagerInfo[].cctvManagerType,str,missing_structured_field,Document.body can contain prose only; no structured field mapping
cctvSubManagerInfo[].department,str,missing_structured_field,Document.body can contain prose only; no structured field mapping
cctvSubManagerInfo[].managerInfo,str,missing_structured_field,Document.body can contain prose only; no structured field mapping
cctvSubManagerInfo[].cctvManagerType,str,missing_structured_field,Document.body can contain prose only; no structured field mapping
autoDecisionInfo.autoDecisionYn,null_untyped,missing_structured_field,Document.body can contain prose only; no structured field mapping
autoDecisionInfo.autoDecisionDetail.decisionOverview,str,missing_structured_field,Document.body can contain prose only; no structured field mapping
autoDecisionInfo.autoDecisionDetail.piTypeContent,str,missing_structured_field,Document.body can contain prose only; no structured field mapping
autoDecisionInfo.autoDecisionDetail.piTypeRelation,str,missing_structured_field,Document.body can contain prose only; no structured field mapping
autoDecisionInfo.autoDecisionDetail.processProcedure,str,missing_structured_field,Document.body can contain prose only; no structured field mapping
autoDecisionInfo.autoDecisionDetail.specialPiYn,null_untyped,missing_structured_field,Document.body can contain prose only; no structured field mapping
autoDecisionInfo.autoDecisionDetail.sensitivePrivacyProcess.selected,boolean,missing_structured_field,Document.body can contain prose only; no structured field mapping
autoDecisionInfo.autoDecisionDetail.sensitivePrivacyProcess.purpose,str,missing_structured_field,Document.body can contain prose only; no structured field mapping
autoDecisionInfo.autoDecisionDetail.sensitivePrivacyProcess.items[],empty_array,missing_structured_field,Document.body can contain prose only; no structured field mapping
autoDecisionInfo.autoDecisionDetail.underFourteenPrivacyProcess.selected,boolean,missing_structured_field,Document.body can contain prose only; no structured field mapping
autoDecisionInfo.autoDecisionDetail.underFourteenPrivacyProcess.purpose,str,missing_structured_field,Document.body can contain prose only; no structured field mapping
autoDecisionInfo.autoDecisionDetail.underFourteenPrivacyProcess.items[],empty_array,missing_structured_field,Document.body can contain prose only; no structured field mapping
autoDecisionInfo.autoDecisionDetail.requestContacts[].departmentName,str,missing_structured_field,Document.body can contain prose only; no structured field mapping
autoDecisionInfo.autoDecisionDetail.requestContacts[].contact,str,missing_structured_field,Document.body can contain prose only; no structured field mapping
directorInfo.directorName,str,missing_structured_field,Document.body can contain prose only; no structured field mapping
directorInfo.directorPos,str,missing_structured_field,Document.body can contain prose only; no structured field mapping
directorInfo.directorEmail,str,missing_structured_field,Document.body can contain prose only; no structured field mapping
ecommerceRetentionItem[],str,missing_structured_field,Document.body can contain prose only; no structured field mapping
accessHistoryRetentionItem[],str,missing_structured_field,Document.body can contain prose only; no structured field mapping
userInfo.hpUpdatePath,str,missing_structured_field,Document.body can contain prose only; no structured field mapping
userInfo.hpDeletePath,str,missing_structured_field,Document.body can contain prose only; no structured field mapping
departmentInfo.privacyDepartmentYN,str,missing_structured_field,Document.body can contain prose only; no structured field mapping
departmentInfo.department.directorDepartment,str,missing_structured_field,Document.body can contain prose only; no structured field mapping
departmentInfo.department.directorDepartmentContact,str,missing_structured_field,Document.body can contain prose only; no structured field mapping
departmentInfo.department.departmentDirectorName,str,missing_structured_field,Document.body can contain prose only; no structured field mapping
domesticInfo.domainAgentYn,null_untyped,missing_structured_field,Document.body can contain prose only; no structured field mapping
domesticInfo.domesticAgents[].corporationName,str,missing_structured_field,Document.body can contain prose only; no structured field mapping
domesticInfo.domesticAgents[].representativeName,str,missing_structured_field,Document.body can contain prose only; no structured field mapping
domesticInfo.domesticAgents[].emailAddress,str,missing_structured_field,Document.body can contain prose only; no structured field mapping
domesticInfo.domesticAgents[].contact,str,missing_structured_field,Document.body can contain prose only; no structured field mapping
domesticInfo.domesticAgents[].address,str,missing_structured_field,Document.body can contain prose only; no structured field mapping
dpoInfo.existsDpo,null_untyped,missing_structured_field,Document.body can contain prose only; no structured field mapping
dpoInfo.dpoDetail.dpoName,str,missing_structured_field,Document.body can contain prose only; no structured field mapping
dpoInfo.dpoDetail.dpoAddress,str,missing_structured_field,Document.body can contain prose only; no structured field mapping
dpoInfo.dpoDetail.dpoContact,str,missing_structured_field,Document.body can contain prose only; no structured field mapping
execDate,null_untyped,mapped,Document.effectiveDate
sensitiveInfo.possibilitySensitivePrivacyYN,str,missing_structured_field,Document.body can contain prose only; no structured field mapping
sensitiveInfo.sensitiveInfo.sensitiveOpenLocation,str,missing_structured_field,Document.body can contain prose only; no structured field mapping
sensitiveInfo.sensitiveInfo.sensitiveCloseMethod,str,missing_structured_field,Document.body can contain prose only; no structured field mapping
overseaTransferInfo.overseaTransferPrivacyYN,str,partial,Recipient.refusalNotice + Document.refusalNotice; no separate transfer flag/refusal/effect fields
overseaTransferInfo.overseaTransfer.overseaTransferRefuse,str,partial,Recipient.refusalNotice + Document.refusalNotice; no separate transfer flag/refusal/effect fields
overseaTransferInfo.overseaTransfer.overseaTransferRefuseEffect,str,partial,Recipient.refusalNotice + Document.refusalNotice; no separate transfer flag/refusal/effect fields
privacyCollectYn,str,missing_structured_field,Document.body can contain prose only; no structured field mapping
deviceInternalInfo.deviceInternalYn,null_untyped,missing_structured_field,Document.body can contain prose only; no structured field mapping
deviceInternalInfo.deviceInternalDetail.deviceInternalFunction,str,missing_structured_field,Document.body can contain prose only; no structured field mapping
deviceInternalInfo.deviceInternalDetail.deviceInternalItems[],empty_array,missing_structured_field,Document.body can contain prose only; no structured field mapping
behavioralAdYn,null_untyped,missing_structured_field,Document.body can contain prose only; no structured field mapping
initMandatoryItems[],empty_array,partial,ProcessingPurpose.items.required; no source initialization state copied
initOptionalItems[],empty_array,partial,ProcessingPurpose.items.required; no source initialization state copied
