sourcePath,target,status,note
under14Info.privacyCollectPurpose,children.purpose,implemented_normalized,독립 DTO·DB·게시 스냅샷·개별 입력 구현. 원본 API wire 형식과 동일하다는 의미가 아님.
under14Info.mandatoryItems[],children.requiredItems[],implemented_normalized,독립 DTO·DB·게시 스냅샷·개별 입력 구현. 원본 API wire 형식과 동일하다는 의미가 아님.
under14Info.optionalItems[],children.optionalItems[],implemented_normalized,독립 DTO·DB·게시 스냅샷·개별 입력 구현. 원본 API wire 형식과 동일하다는 의미가 아님.
under14Info.period[].prefix,children.periods[].prefix,implemented_normalized,독립 DTO·DB·게시 스냅샷·개별 입력 구현. 원본 API wire 형식과 동일하다는 의미가 아님.
under14Info.period[].dateNumber,children.periods[].amount,implemented_normalized,독립 DTO·DB·게시 스냅샷·개별 입력 구현. 원본 API wire 형식과 동일하다는 의미가 아님.
under14Info.period[].dateType,children.periods[].unit,implemented_normalized,독립 DTO·DB·게시 스냅샷·개별 입력 구현. 원본 API wire 형식과 동일하다는 의미가 아님.
under14Info.period[].coupler,children.periods[].condition,implemented_normalized,독립 DTO·DB·게시 스냅샷·개별 입력 구현. 원본 API wire 형식과 동일하다는 의미가 아님.
under14Info.legalRepresentativeItems[],children.guardianItems[],implemented_normalized,독립 DTO·DB·게시 스냅샷·개별 입력 구현. 원본 API wire 형식과 동일하다는 의미가 아님.
itServiceType,hosting.mode,implemented_normalized,독립 DTO·DB·게시 스냅샷·개별 입력 구현. 원본 API wire 형식과 동일하다는 의미가 아님.
itServiceTrustees[].companyName,hosting.trustees[].name,implemented_normalized,독립 DTO·DB·게시 스냅샷·개별 입력 구현. 원본 API wire 형식과 동일하다는 의미가 아님.
itServiceTrustees[].country,hosting.trustees[].country,implemented_normalized,독립 DTO·DB·게시 스냅샷·개별 입력 구현. 원본 API wire 형식과 동일하다는 의미가 아님.
itServiceTrustees[].contact,hosting.trustees[].contact,implemented_normalized,독립 DTO·DB·게시 스냅샷·개별 입력 구현. 원본 API wire 형식과 동일하다는 의미가 아님.
itServiceTrustees[].serviceTrusteeType,hosting.trustees[].(parent section),derived_from_section,원본 IT_SERVICE/OUT_SOURCING을 hosting/development 부모 구역으로 구분한다.
itServiceTrustees[].consignmentWork,hosting.trustees[].work,implemented_normalized,독립 DTO·DB·게시 스냅샷·개별 입력 구현. 원본 API wire 형식과 동일하다는 의미가 아님.
itServiceTrustees[].mandatoryEntrustItems[],hosting.trustees[].requiredItems[],implemented_normalized,독립 DTO·DB·게시 스냅샷·개별 입력 구현. 원본 API wire 형식과 동일하다는 의미가 아님.
itServiceTrustees[].optionalEntrustItems[],hosting.trustees[].optionalItems[],implemented_normalized,독립 DTO·DB·게시 스냅샷·개별 입력 구현. 원본 API wire 형식과 동일하다는 의미가 아님.
itServiceTrustees[].reconsignment[],hosting.trustees[].subprocessors[],implemented_normalized,독립 DTO·DB·게시 스냅샷·개별 입력 구현. 원본 API wire 형식과 동일하다는 의미가 아님.
devOutSourcingYn,development.enabled,implemented_normalized,독립 DTO·DB·게시 스냅샷·개별 입력 구현. 원본 API wire 형식과 동일하다는 의미가 아님.
devOutSourcingTrustees[].companyName,development.trustees[].name,implemented_normalized,독립 DTO·DB·게시 스냅샷·개별 입력 구현. 원본 API wire 형식과 동일하다는 의미가 아님.
devOutSourcingTrustees[].country,development.trustees[].country,implemented_normalized,독립 DTO·DB·게시 스냅샷·개별 입력 구현. 원본 API wire 형식과 동일하다는 의미가 아님.
devOutSourcingTrustees[].contact,development.trustees[].contact,implemented_normalized,독립 DTO·DB·게시 스냅샷·개별 입력 구현. 원본 API wire 형식과 동일하다는 의미가 아님.
devOutSourcingTrustees[].serviceTrusteeType,development.trustees[].(parent section),derived_from_section,원본 IT_SERVICE/OUT_SOURCING을 hosting/development 부모 구역으로 구분한다.
devOutSourcingTrustees[].consignmentWork,development.trustees[].work,implemented_normalized,독립 DTO·DB·게시 스냅샷·개별 입력 구현. 원본 API wire 형식과 동일하다는 의미가 아님.
devOutSourcingTrustees[].mandatoryEntrustItems[],development.trustees[].requiredItems[],implemented_normalized,독립 DTO·DB·게시 스냅샷·개별 입력 구현. 원본 API wire 형식과 동일하다는 의미가 아님.
devOutSourcingTrustees[].optionalEntrustItems[],development.trustees[].optionalItems[],implemented_normalized,독립 DTO·DB·게시 스냅샷·개별 입력 구현. 원본 API wire 형식과 동일하다는 의미가 아님.
devOutSourcingTrustees[].reconsignment[],development.trustees[].subprocessors[],implemented_normalized,독립 DTO·DB·게시 스냅샷·개별 입력 구현. 원본 API wire 형식과 동일하다는 의미가 아님.
notUsageInfo.notUsageProcessType,inactiveUsers.action,implemented_normalized,독립 DTO·DB·게시 스냅샷·개별 입력 구현. 원본 API wire 형식과 동일하다는 의미가 아님.
notUsageInfo.notUsagePIProcessDetail.notUsageStorePeriod,inactiveUsers.amount,implemented_normalized,독립 DTO·DB·게시 스냅샷·개별 입력 구현. 원본 API wire 형식과 동일하다는 의미가 아님.
notUsageInfo.notUsagePIProcessDetail.notUsageStorePeriodType,inactiveUsers.unit,implemented_normalized,독립 DTO·DB·게시 스냅샷·개별 입력 구현. 원본 API wire 형식과 동일하다는 의미가 아님.
notUsageInfo.notUsagePIProcessDetail.notUsageStoreUserCustom,inactiveUsers.customText,implemented_normalized,독립 DTO·DB·게시 스냅샷·개별 입력 구현. 원본 API wire 형식과 동일하다는 의미가 아님.
withDrawInfo.withDrawProcessType,withdrawals.action,implemented_normalized,독립 DTO·DB·게시 스냅샷·개별 입력 구현. 원본 API wire 형식과 동일하다는 의미가 아님.
withDrawInfo.withDrawProcessDetail.withDrawStorePeriod,withdrawals.amount,implemented_normalized,독립 DTO·DB·게시 스냅샷·개별 입력 구현. 원본 API wire 형식과 동일하다는 의미가 아님.
withDrawInfo.withDrawProcessDetail.withDrawStorePeriodType,withdrawals.unit,implemented_normalized,독립 DTO·DB·게시 스냅샷·개별 입력 구현. 원본 API wire 형식과 동일하다는 의미가 아님.
withDrawInfo.withDrawProcessDetail.withDrawStoreInfo,withdrawals.items[],implemented_normalized,독립 DTO·DB·게시 스냅샷·개별 입력 구현. 원본 API wire 형식과 동일하다는 의미가 아님.
cctvInfo.cctvIsExists,cctv.enabled,implemented_normalized,독립 DTO·DB·게시 스냅샷·개별 입력 구현. 원본 API wire 형식과 동일하다는 의미가 아님.
cctvInfo.cctvInstallPurposes[],cctv.purposes[],implemented_normalized,독립 DTO·DB·게시 스냅샷·개별 입력 구현. 원본 API wire 형식과 동일하다는 의미가 아님.
cctvInfo.cctvInstallCustomPurpose,cctv.customPurpose,implemented_normalized,독립 DTO·DB·게시 스냅샷·개별 입력 구현. 원본 API wire 형식과 동일하다는 의미가 아님.
cctvInstallInfoList[].installLocation,cctv.installations[].location,implemented_normalized,독립 DTO·DB·게시 스냅샷·개별 입력 구현. 원본 API wire 형식과 동일하다는 의미가 아님.
cctvInstallInfoList[].totalAmount,cctv.installations[].count,implemented_normalized,독립 DTO·DB·게시 스냅샷·개별 입력 구현. 원본 API wire 형식과 동일하다는 의미가 아님.
cctvInstallInfoList[].uptime,cctv.installations[].operatingHours,implemented_normalized,독립 DTO·DB·게시 스냅샷·개별 입력 구현. 원본 API wire 형식과 동일하다는 의미가 아님.
cctvInstallInfoList[].cctvStorage.storagePeriod,cctv.installations[].storagePeriod,implemented_normalized,독립 DTO·DB·게시 스냅샷·개별 입력 구현. 원본 API wire 형식과 동일하다는 의미가 아님.
cctvInstallInfoList[].cctvStorage.cctvStoragePeriodType,cctv.installations[].storageUnit,implemented_normalized,독립 DTO·DB·게시 스냅샷·개별 입력 구현. 원본 API wire 형식과 동일하다는 의미가 아님.
cctvInstallInfoList[].cctvStorage.storageLocation,cctv.installations[].storageLocation,implemented_normalized,독립 DTO·DB·게시 스냅샷·개별 입력 구현. 원본 API wire 형식과 동일하다는 의미가 아님.
cctvInstallInfoList[].cctvConsignment,cctv.installations[].outsourced,implemented_normalized,독립 DTO·DB·게시 스냅샷·개별 입력 구현. 원본 API wire 형식과 동일하다는 의미가 아님.
cctvInstallInfoList[].cctvManageTrustee.trusteeName,cctv.installations[].trustee.name,implemented_normalized,독립 DTO·DB·게시 스냅샷·개별 입력 구현. 원본 API wire 형식과 동일하다는 의미가 아님.
cctvInstallInfoList[].cctvManageTrustee.country,cctv.installations[].trustee.country,implemented_normalized,독립 DTO·DB·게시 스냅샷·개별 입력 구현. 원본 API wire 형식과 동일하다는 의미가 아님.
cctvInstallInfoList[].cctvManageTrustee.contact,cctv.installations[].trustee.contact,implemented_normalized,독립 DTO·DB·게시 스냅샷·개별 입력 구현. 원본 API wire 형식과 동일하다는 의미가 아님.
cctvManagerInfo[].department,cctv.managers[].department,implemented_normalized,독립 DTO·DB·게시 스냅샷·개별 입력 구현. 원본 API wire 형식과 동일하다는 의미가 아님.
cctvManagerInfo[].managerInfo,cctv.managers[].nameAndPosition,implemented_normalized,독립 DTO·DB·게시 스냅샷·개별 입력 구현. 원본 API wire 형식과 동일하다는 의미가 아님.
cctvManagerInfo[].cctvManagerType,cctv.managers[].role,implemented_normalized,독립 DTO·DB·게시 스냅샷·개별 입력 구현. 원본 API wire 형식과 동일하다는 의미가 아님.
cctvSubManagerInfo[].department,cctv.managers[].department,implemented_normalized,독립 DTO·DB·게시 스냅샷·개별 입력 구현. 원본 API wire 형식과 동일하다는 의미가 아님.
cctvSubManagerInfo[].managerInfo,cctv.managers[].nameAndPosition,implemented_normalized,독립 DTO·DB·게시 스냅샷·개별 입력 구현. 원본 API wire 형식과 동일하다는 의미가 아님.
cctvSubManagerInfo[].cctvManagerType,cctv.managers[].role,implemented_normalized,독립 DTO·DB·게시 스냅샷·개별 입력 구현. 원본 API wire 형식과 동일하다는 의미가 아님.
autoDecisionInfo.autoDecisionYn,automatedDecisions.enabled,implemented_normalized,독립 DTO·DB·게시 스냅샷·개별 입력 구현. 원본 API wire 형식과 동일하다는 의미가 아님.
autoDecisionInfo.autoDecisionDetail.decisionOverview,automatedDecisions.overview,implemented_normalized,독립 DTO·DB·게시 스냅샷·개별 입력 구현. 원본 API wire 형식과 동일하다는 의미가 아님.
autoDecisionInfo.autoDecisionDetail.piTypeContent,automatedDecisions.processedInformation,implemented_normalized,독립 DTO·DB·게시 스냅샷·개별 입력 구현. 원본 API wire 형식과 동일하다는 의미가 아님.
autoDecisionInfo.autoDecisionDetail.piTypeRelation,automatedDecisions.decisionRelation,implemented_normalized,독립 DTO·DB·게시 스냅샷·개별 입력 구현. 원본 API wire 형식과 동일하다는 의미가 아님.
autoDecisionInfo.autoDecisionDetail.processProcedure,automatedDecisions.procedure,implemented_normalized,독립 DTO·DB·게시 스냅샷·개별 입력 구현. 원본 API wire 형식과 동일하다는 의미가 아님.
autoDecisionInfo.autoDecisionDetail.specialPiYn,automatedDecisions.specialInformation,implemented_normalized,독립 DTO·DB·게시 스냅샷·개별 입력 구현. 원본 API wire 형식과 동일하다는 의미가 아님.
autoDecisionInfo.autoDecisionDetail.sensitivePrivacyProcess.selected,automatedDecisions.sensitive.selected,implemented_normalized,독립 DTO·DB·게시 스냅샷·개별 입력 구현. 원본 API wire 형식과 동일하다는 의미가 아님.
autoDecisionInfo.autoDecisionDetail.sensitivePrivacyProcess.purpose,automatedDecisions.sensitive.purpose,implemented_normalized,독립 DTO·DB·게시 스냅샷·개별 입력 구현. 원본 API wire 형식과 동일하다는 의미가 아님.
autoDecisionInfo.autoDecisionDetail.sensitivePrivacyProcess.items[],automatedDecisions.sensitive.items[],implemented_normalized,독립 DTO·DB·게시 스냅샷·개별 입력 구현. 원본 API wire 형식과 동일하다는 의미가 아님.
autoDecisionInfo.autoDecisionDetail.underFourteenPrivacyProcess.selected,automatedDecisions.children.selected,implemented_normalized,독립 DTO·DB·게시 스냅샷·개별 입력 구현. 원본 API wire 형식과 동일하다는 의미가 아님.
autoDecisionInfo.autoDecisionDetail.underFourteenPrivacyProcess.purpose,automatedDecisions.children.purpose,implemented_normalized,독립 DTO·DB·게시 스냅샷·개별 입력 구현. 원본 API wire 형식과 동일하다는 의미가 아님.
autoDecisionInfo.autoDecisionDetail.underFourteenPrivacyProcess.items[],automatedDecisions.children.items[],implemented_normalized,독립 DTO·DB·게시 스냅샷·개별 입력 구현. 원본 API wire 형식과 동일하다는 의미가 아님.
autoDecisionInfo.autoDecisionDetail.requestContacts[].departmentName,automatedDecisions.contacts[].department,implemented_normalized,독립 DTO·DB·게시 스냅샷·개별 입력 구현. 원본 API wire 형식과 동일하다는 의미가 아님.
autoDecisionInfo.autoDecisionDetail.requestContacts[].contact,automatedDecisions.contacts[].contact,implemented_normalized,독립 DTO·DB·게시 스냅샷·개별 입력 구현. 원본 API wire 형식과 동일하다는 의미가 아님.
directorInfo.directorName,officers.name,implemented_normalized,독립 DTO·DB·게시 스냅샷·개별 입력 구현. 원본 API wire 형식과 동일하다는 의미가 아님.
directorInfo.directorPos,officers.position,implemented_normalized,독립 DTO·DB·게시 스냅샷·개별 입력 구현. 원본 API wire 형식과 동일하다는 의미가 아님.
directorInfo.directorEmail,officers.email,implemented_normalized,독립 DTO·DB·게시 스냅샷·개별 입력 구현. 원본 API wire 형식과 동일하다는 의미가 아님.
ecommerceRetentionItem[],preservation.commerceItems[],implemented_normalized,독립 DTO·DB·게시 스냅샷·개별 입력 구현. 원본 API wire 형식과 동일하다는 의미가 아님.
accessHistoryRetentionItem[],preservation.accessItems[],implemented_normalized,독립 DTO·DB·게시 스냅샷·개별 입력 구현. 원본 API wire 형식과 동일하다는 의미가 아님.
userInfo.hpUpdatePath,officers.updatePath,implemented_normalized,독립 DTO·DB·게시 스냅샷·개별 입력 구현. 원본 API wire 형식과 동일하다는 의미가 아님.
userInfo.hpDeletePath,officers.deletePath,implemented_normalized,독립 DTO·DB·게시 스냅샷·개별 입력 구현. 원본 API wire 형식과 동일하다는 의미가 아님.
departmentInfo.privacyDepartmentYN,officers.departmentEnabled,implemented_normalized,독립 DTO·DB·게시 스냅샷·개별 입력 구현. 원본 API wire 형식과 동일하다는 의미가 아님.
departmentInfo.department.directorDepartment,officers.department.name,implemented_normalized,독립 DTO·DB·게시 스냅샷·개별 입력 구현. 원본 API wire 형식과 동일하다는 의미가 아님.
departmentInfo.department.directorDepartmentContact,officers.department.contact,implemented_normalized,독립 DTO·DB·게시 스냅샷·개별 입력 구현. 원본 API wire 형식과 동일하다는 의미가 아님.
departmentInfo.department.departmentDirectorName,officers.department.officerName,implemented_normalized,독립 DTO·DB·게시 스냅샷·개별 입력 구현. 원본 API wire 형식과 동일하다는 의미가 아님.
domesticInfo.domainAgentYn,officers.domesticAgentEnabled,implemented_normalized,독립 DTO·DB·게시 스냅샷·개별 입력 구현. 원본 API wire 형식과 동일하다는 의미가 아님.
domesticInfo.domesticAgents[].corporationName,officers.domesticAgents[].name,implemented_normalized,독립 DTO·DB·게시 스냅샷·개별 입력 구현. 원본 API wire 형식과 동일하다는 의미가 아님.
domesticInfo.domesticAgents[].representativeName,officers.domesticAgents[].representative,implemented_normalized,독립 DTO·DB·게시 스냅샷·개별 입력 구현. 원본 API wire 형식과 동일하다는 의미가 아님.
domesticInfo.domesticAgents[].emailAddress,officers.domesticAgents[].email,implemented_normalized,독립 DTO·DB·게시 스냅샷·개별 입력 구현. 원본 API wire 형식과 동일하다는 의미가 아님.
domesticInfo.domesticAgents[].contact,officers.domesticAgents[].contact,implemented_normalized,독립 DTO·DB·게시 스냅샷·개별 입력 구현. 원본 API wire 형식과 동일하다는 의미가 아님.
domesticInfo.domesticAgents[].address,officers.domesticAgents[].address,implemented_normalized,독립 DTO·DB·게시 스냅샷·개별 입력 구현. 원본 API wire 형식과 동일하다는 의미가 아님.
dpoInfo.existsDpo,officers.dpoEnabled,implemented_normalized,독립 DTO·DB·게시 스냅샷·개별 입력 구현. 원본 API wire 형식과 동일하다는 의미가 아님.
dpoInfo.dpoDetail.dpoName,officers.dpo.name,implemented_normalized,독립 DTO·DB·게시 스냅샷·개별 입력 구현. 원본 API wire 형식과 동일하다는 의미가 아님.
dpoInfo.dpoDetail.dpoAddress,officers.dpo.address,implemented_normalized,독립 DTO·DB·게시 스냅샷·개별 입력 구현. 원본 API wire 형식과 동일하다는 의미가 아님.
dpoInfo.dpoDetail.dpoContact,officers.dpo.contact,implemented_normalized,독립 DTO·DB·게시 스냅샷·개별 입력 구현. 원본 API wire 형식과 동일하다는 의미가 아님.
execDate,Document.effectiveDate,implemented_normalized,독립 DTO·DB·게시 스냅샷·개별 입력 구현. 원본 API wire 형식과 동일하다는 의미가 아님.
sensitiveInfo.possibilitySensitivePrivacyYN,sensitiveDisclosure.enabled,implemented_normalized,독립 DTO·DB·게시 스냅샷·개별 입력 구현. 원본 API wire 형식과 동일하다는 의미가 아님.
sensitiveInfo.sensitiveInfo.sensitiveOpenLocation,sensitiveDisclosure.locations,implemented_normalized,독립 DTO·DB·게시 스냅샷·개별 입력 구현. 원본 API wire 형식과 동일하다는 의미가 아님.
sensitiveInfo.sensitiveInfo.sensitiveCloseMethod,sensitiveDisclosure.optOut,implemented_normalized,독립 DTO·DB·게시 스냅샷·개별 입력 구현. 원본 API wire 형식과 동일하다는 의미가 아님.
overseaTransferInfo.overseaTransferPrivacyYN,overseasTransfer.enabled,implemented_normalized,독립 DTO·DB·게시 스냅샷·개별 입력 구현. 원본 API wire 형식과 동일하다는 의미가 아님.
overseaTransferInfo.overseaTransfer.overseaTransferRefuse,overseasTransfer.refusal,implemented_normalized,독립 DTO·DB·게시 스냅샷·개별 입력 구현. 원본 API wire 형식과 동일하다는 의미가 아님.
overseaTransferInfo.overseaTransfer.overseaTransferRefuseEffect,overseasTransfer.effect,implemented_normalized,독립 DTO·DB·게시 스냅샷·개별 입력 구현. 원본 API wire 형식과 동일하다는 의미가 아님.
privacyCollectYn,children.enabled,implemented_normalized,독립 DTO·DB·게시 스냅샷·개별 입력 구현. 원본 API wire 형식과 동일하다는 의미가 아님.
deviceInternalInfo.deviceInternalYn,deviceProcessing.enabled,implemented_normalized,독립 DTO·DB·게시 스냅샷·개별 입력 구현. 원본 API wire 형식과 동일하다는 의미가 아님.
deviceInternalInfo.deviceInternalDetail.deviceInternalFunction,deviceProcessing.functions,implemented_normalized,독립 DTO·DB·게시 스냅샷·개별 입력 구현. 원본 API wire 형식과 동일하다는 의미가 아님.
deviceInternalInfo.deviceInternalDetail.deviceInternalItems[],deviceProcessing.items[],implemented_normalized,독립 DTO·DB·게시 스냅샷·개별 입력 구현. 원본 API wire 형식과 동일하다는 의미가 아님.
behavioralAdYn,behavioralAdvertising.enabled,implemented_normalized,독립 DTO·DB·게시 스냅샷·개별 입력 구현. 원본 API wire 형식과 동일하다는 의미가 아님.
initMandatoryItems[],ProcessingPurpose.items -> DocumentOptions.policyItems,client_initialization_implemented,서비스 전체 활성 목적의 필수/선택 항목을 조회해 신규 수탁자/재수탁자 초기값과 선택 목록으로 사용한다. 중복 제거·100개 초과 수동 선택은 독립 자원 제한이다.
initOptionalItems[],ProcessingPurpose.items -> DocumentOptions.policyItems,client_initialization_implemented,서비스 전체 활성 목적의 필수/선택 항목을 조회해 신규 수탁자/재수탁자 초기값과 선택 목록으로 사용한다. 중복 제거·100개 초과 수동 선택은 독립 자원 제한이다.
