id,category,name,path,dynamic,status,status_ko,source_observed,source_url,observed_url,evidence,limitation
1,공지·도움말·시스템,,/,False,local-demo-unverified,로컬 데모·원본 정상 화면 미검증,False,https://app.catchsecu.com/,,docs/research/app.catchsecu.com/dashboard-1440.json,대시보드 공통 화면을 재사용한다. 이 경로 자체의 원본 화면은 검증하지 않았다. 실제 백엔드·인증·결제·발송 없음. 쓰기 동작은 로컬 데모 또는 안내. 모든 상태와 181개 화면의 픽셀 단위 일치 검증은 수행하지 않았다.
15,공지·도움말·시스템,,/jap_intro,False,source-based,원본 화면 기반,True,https://app.catchsecu.com/jap_intro,https://app.catchsecu.com/jap_intro,docs/research/public/_jap_intro.json,실제 백엔드·인증·결제·발송 없음. 쓰기 동작은 로컬 데모 또는 안내. 모든 상태와 181개 화면의 픽셀 단위 일치 검증은 수행하지 않았다.
98,공지·도움말·시스템,,/notice,False,source-based,원본 화면 기반,True,https://app.catchsecu.com/notice,https://app.catchsecu.com/notice,docs/research/public/_notice.json,원본 목록 일부만 수집. 공지 전문 및 전체 페이지 자료는 미확인. 실제 백엔드·인증·결제·발송 없음. 쓰기 동작은 로컬 데모 또는 안내. 모든 상태와 181개 화면의 픽셀 단위 일치 검증은 수행하지 않았다.
99,공지·도움말·시스템,,/notice/:admNotiId,True,source-based,원본 화면 기반,True,https://app.catchsecu.com/notice/:admNotiId,https://app.catchsecu.com/notice/59 | https://app.catchsecu.com/notice/58 | https://app.catchsecu.com/notice/56 | https://app.catchsecu.com/notice/55 | https://app.catchsecu.com/notice/54 | https://app.catchsecu.com/notice/53 | https://app.catchsecu.com/notice/52 | https://app.catchsecu.com/notice/51 | https://app.catchsecu.com/notice/50 | https://app.catchsecu.com/notice/49,docs/research/public/notice-details.json,"공지 상세 10개 표본(ID: 59, 58, 56, 55, 54, 53, 52, 51, 50, 49)의 실제 원본 본문을 수집해 표시한다. 그 외 ID는 미수집이며 안내/대체 화면을 제공한다. 전체 공지 상세 및 모든 인터랙션·반응형의 픽셀 일치 검증은 수행하지 않았다. 실제 백엔드·인증·결제·발송 없음."
148,공지·도움말·시스템,,/service/none,False,restricted-view,권한·이용조건 제한 화면,True,https://app.catchsecu.com/service/none,https://app.catchsecu.com/service/none,docs/research/public/_service_none.json,실제 백엔드·인증·결제·발송 없음. 쓰기 동작은 로컬 데모 또는 안내. 모든 상태와 181개 화면의 픽셀 단위 일치 검증은 수행하지 않았다. 확인된 권한·라이선스·발신자 조건 제한 화면까지만 재현. 제한 뒤 업무 화면은 미검증.
149,공지·도움말·시스템,,/company-info,False,redirect-target,리디렉션 대상 대응,True,https://app.catchsecu.com/company-info,https://app.catchsecu.com/dashboard,docs/research/public/_company-info.json,원본 직접 접근은 /dashboard로 이동했다. 해당 경로의 정상 내부 상태를 관찰한 것은 아니다. 실제 백엔드·인증·결제·발송 없음. 쓰기 동작은 로컬 데모 또는 안내. 모든 상태와 181개 화면의 픽셀 단위 일치 검증은 수행하지 않았다. 원본 이동 대상 화면 또는 해당 상태를 로컬에 표시하며 원래 경로의 업무 화면 재현을 뜻하지 않는다.
172,공지·도움말·시스템,,/IE,False,redirect-target,리디렉션 대상 대응,True,https://app.catchsecu.com/IE,https://app.catchsecu.com/dashboard,docs/research/public/_IE.json,원본 직접 접근은 /dashboard로 이동했다. 해당 경로의 정상 내부 상태를 관찰한 것은 아니다. 실제 백엔드·인증·결제·발송 없음. 쓰기 동작은 로컬 데모 또는 안내. 모든 상태와 181개 화면의 픽셀 단위 일치 검증은 수행하지 않았다. 원본 이동 대상 화면 또는 해당 상태를 로컬에 표시하며 원래 경로의 업무 화면 재현을 뜻하지 않는다.
177,공지·도움말·시스템,,/expert/select-company,False,source-based,원본 화면 기반,True,https://app.catchsecu.com/expert/select-company,https://app.catchsecu.com/expert/select-company,docs/research/public/_expert_select-company.json,실제 백엔드·인증·결제·발송 없음. 쓰기 동작은 로컬 데모 또는 안내. 모든 상태와 181개 화면의 픽셀 단위 일치 검증은 수행하지 않았다.
178,공지·도움말·시스템,,/access-not-allow,False,restricted-view,권한·이용조건 제한 화면,True,https://app.catchsecu.com/access-not-allow,https://app.catchsecu.com/access-not-allow,docs/research/public/_access-not-allow.json,실제 백엔드·인증·결제·발송 없음. 쓰기 동작은 로컬 데모 또는 안내. 모든 상태와 181개 화면의 픽셀 단위 일치 검증은 수행하지 않았다. 확인된 권한·라이선스·발신자 조건 제한 화면까지만 재현. 제한 뒤 업무 화면은 미검증.
179,공지·도움말·시스템,,/loading,False,source-based,원본 화면 기반,True,https://app.catchsecu.com/loading,https://app.catchsecu.com/loading,docs/research/public/_loading.json,실제 백엔드·인증·결제·발송 없음. 쓰기 동작은 로컬 데모 또는 안내. 모든 상태와 181개 화면의 픽셀 단위 일치 검증은 수행하지 않았다.
180,공지·도움말·시스템,캐치시큐 헬프센터,/help-center,False,source-based,원본 화면 기반,True,https://app.catchsecu.com/help-center,https://app.catchsecu.com/help-center,docs/research/public/_help-center.json,실제 백엔드·인증·결제·발송 없음. 쓰기 동작은 로컬 데모 또는 안내. 모든 상태와 181개 화면의 픽셀 단위 일치 검증은 수행하지 않았다.
181,공지·도움말·시스템,로그아웃,/logout,False,local-demo-unverified,로컬 데모·원본 정상 화면 미검증,False,https://app.catchsecu.com/logout,,,로컬 데모 동작; 실제 인증/발송/비밀번호 변경 없음 원본 본문이 비어 있거나 수집 오류/유효 인증 상태 미확보. 경로별 원본 캡처 파일 없음. coverage 메타데이터만으로 검증 처리하지 않는다. 모듈 조사 기록: docs/research/auth/auth-coverage.json 실제 백엔드·인증·결제·발송 없음. 쓰기 동작은 로컬 데모 또는 안내. 모든 상태와 181개 화면의 픽셀 단위 일치 검증은 수행하지 않았다.
2,로그인·가입·인증,,/two-step-setting,False,source-based,원본 화면 기반,True,https://app.catchsecu.com/two-step-setting,https://app.catchsecu.com/two-step-setting,docs/research/public/_two-step-setting.json,로컬 데모 동작; 실제 인증/발송/비밀번호 변경 없음 모듈 조사 기록: docs/research/auth/auth-coverage.json 실제 백엔드·인증·결제·발송 없음. 쓰기 동작은 로컬 데모 또는 안내. 모든 상태와 181개 화면의 픽셀 단위 일치 검증은 수행하지 않았다.
14,로그인·가입·인증,,/identification/:result,True,local-demo-unverified,로컬 데모·원본 정상 화면 미검증,False,https://app.catchsecu.com/identification/:result,,,로컬 데모 동작; 실제 인증/발송/비밀번호 변경 없음 원본 본문이 비어 있거나 수집 오류/유효 인증 상태 미확보. 실제 ID/토큰을 확보하지 못해 정상 원본 화면 증거가 없다. 경로별 원본 캡처 파일 없음. coverage 메타데이터만으로 검증 처리하지 않는다. 모듈 조사 기록: docs/research/auth/auth-coverage.json 실제 백엔드·인증·결제·발송 없음. 쓰기 동작은 로컬 데모 또는 안내. 모든 상태와 181개 화면의 픽셀 단위 일치 검증은 수행하지 않았다.
16,로그인·가입·인증,,/gwloginUser/login,False,local-demo-unverified,로컬 데모·원본 정상 화면 미검증,True,https://app.catchsecu.com/gwloginUser/login,https://app.catchsecu.com/dashboard,docs/research/public/_gwloginUser_login.json,원본 직접 접근은 /dashboard로 이동했다. 해당 경로의 정상 내부 상태를 관찰한 것은 아니다. 로컬 데모 동작; 실제 인증/발송/비밀번호 변경 없음 모듈 조사 기록: docs/research/auth/auth-coverage.json 실제 백엔드·인증·결제·발송 없음. 쓰기 동작은 로컬 데모 또는 안내. 모든 상태와 181개 화면의 픽셀 단위 일치 검증은 수행하지 않았다.
17,로그인·가입·인증,,/login,False,source-based,원본 화면 기반,True,https://app.catchsecu.com/login,https://app.catchsecu.com/login,docs/research/public/_login.json | docs/research/app.catchsecu.com/login-extraction.json | docs/research/app.catchsecu.com/login-1440.json,원본 직접 접근은 /dashboard로 이동했다. 해당 경로의 정상 내부 상태를 관찰한 것은 아니다. 로컬 데모 동작; 실제 인증/발송/비밀번호 변경 없음 비로그인 시 별도 수집한 로그인 화면 근거를 사용한다. 로그인 이후 재접근 캡처는 대시보드다. 모듈 조사 기록: docs/research/auth/auth-coverage.json 실제 백엔드·인증·결제·발송 없음. 쓰기 동작은 로컬 데모 또는 안내. 모든 상태와 181개 화면의 픽셀 단위 일치 검증은 수행하지 않았다.
18,로그인·가입·인증,,/password-change-email,False,local-demo-unverified,로컬 데모·원본 정상 화면 미검증,True,https://app.catchsecu.com/password-change-email,https://app.catchsecu.com/dashboard,docs/research/public/_password-change-email.json,원본 직접 접근은 /dashboard로 이동했다. 해당 경로의 정상 내부 상태를 관찰한 것은 아니다. 로컬 데모 동작; 실제 인증/발송/비밀번호 변경 없음 모듈 조사 기록: docs/research/auth/auth-coverage.json 실제 백엔드·인증·결제·발송 없음. 쓰기 동작은 로컬 데모 또는 안내. 모든 상태와 181개 화면의 픽셀 단위 일치 검증은 수행하지 않았다.
19,로그인·가입·인증,,/passwordChange,False,local-demo-unverified,로컬 데모·원본 정상 화면 미검증,True,https://app.catchsecu.com/passwordChange,https://app.catchsecu.com/dashboard,docs/research/public/_passwordChange.json,원본 직접 접근은 /dashboard로 이동했다. 해당 경로의 정상 내부 상태를 관찰한 것은 아니다. 로컬 데모 동작; 실제 인증/발송/비밀번호 변경 없음 모듈 조사 기록: docs/research/auth/auth-coverage.json 실제 백엔드·인증·결제·발송 없음. 쓰기 동작은 로컬 데모 또는 안내. 모든 상태와 181개 화면의 픽셀 단위 일치 검증은 수행하지 않았다.
20,로그인·가입·인증,,/password-change-email/complete,False,source-based,원본 화면 기반,True,https://app.catchsecu.com/password-change-email/complete,https://app.catchsecu.com/password-change-email/complete,docs/research/public/_password-change-email_complete.json,로컬 데모 동작; 실제 인증/발송/비밀번호 변경 없음 모듈 조사 기록: docs/research/auth/auth-coverage.json 실제 백엔드·인증·결제·발송 없음. 쓰기 동작은 로컬 데모 또는 안내. 모든 상태와 181개 화면의 픽셀 단위 일치 검증은 수행하지 않았다.
21,로그인·가입·인증,,/password-change-rule,False,source-based,원본 화면 기반,True,https://app.catchsecu.com/password-change-rule,https://app.catchsecu.com/password-change-rule,docs/research/public/_password-change-rule.json,로컬 데모 동작; 실제 인증/발송/비밀번호 변경 없음 모듈 조사 기록: docs/research/auth/auth-coverage.json 실제 백엔드·인증·결제·발송 없음. 쓰기 동작은 로컬 데모 또는 안내. 모든 상태와 181개 화면의 픽셀 단위 일치 검증은 수행하지 않았다.
22,로그인·가입·인증,,/auth-code,False,local-demo-unverified,로컬 데모·원본 정상 화면 미검증,True,https://app.catchsecu.com/auth-code,https://app.catchsecu.com/dashboard,docs/research/public/_auth-code.json,원본 직접 접근은 /dashboard로 이동했다. 해당 경로의 정상 내부 상태를 관찰한 것은 아니다. 로컬 데모 동작; 실제 인증/발송/비밀번호 변경 없음 모듈 조사 기록: docs/research/auth/auth-coverage.json 실제 백엔드·인증·결제·발송 없음. 쓰기 동작은 로컬 데모 또는 안내. 모든 상태와 181개 화면의 픽셀 단위 일치 검증은 수행하지 않았다.
23,로그인·가입·인증,,/signup,False,local-demo-unverified,로컬 데모·원본 정상 화면 미검증,True,https://app.catchsecu.com/signup,https://app.catchsecu.com/dashboard,docs/research/public/_signup.json,원본 직접 접근은 /dashboard로 이동했다. 해당 경로의 정상 내부 상태를 관찰한 것은 아니다. 로컬 데모 동작; 실제 인증/발송/비밀번호 변경 없음 모듈 조사 기록: docs/research/auth/auth-coverage.json 실제 백엔드·인증·결제·발송 없음. 쓰기 동작은 로컬 데모 또는 안내. 모든 상태와 181개 화면의 픽셀 단위 일치 검증은 수행하지 않았다.
24,로그인·가입·인증,,/expire/code,False,local-demo-unverified,로컬 데모·원본 정상 화면 미검증,True,https://app.catchsecu.com/expire/code,https://app.catchsecu.com/dashboard,docs/research/public/_expire_code.json,원본 직접 접근은 /dashboard로 이동했다. 해당 경로의 정상 내부 상태를 관찰한 것은 아니다. 로컬 데모 동작; 실제 인증/발송/비밀번호 변경 없음 모듈 조사 기록: docs/research/auth/auth-coverage.json 실제 백엔드·인증·결제·발송 없음. 쓰기 동작은 로컬 데모 또는 안내. 모든 상태와 181개 화면의 픽셀 단위 일치 검증은 수행하지 않았다.
25,로그인·가입·인증,,/two-step,False,redirect-target,리디렉션 대상 대응,True,https://app.catchsecu.com/two-step,https://app.catchsecu.com/two-step-setting,docs/research/public/_two-step.json,원본 직접 접근은 /two-step-setting로 이동했다. 해당 경로의 정상 내부 상태를 관찰한 것은 아니다. 로컬 데모 동작; 실제 인증/발송/비밀번호 변경 없음 원본 이동 대상인 2단계 인증 설정 화면을 동일 경로에서 표시한다. 모듈 조사 기록: docs/research/auth/auth-coverage.json 실제 백엔드·인증·결제·발송 없음. 쓰기 동작은 로컬 데모 또는 안내. 모든 상태와 181개 화면의 픽셀 단위 일치 검증은 수행하지 않았다. 원본 이동 대상 화면 또는 해당 상태를 로컬에 표시하며 원래 경로의 업무 화면 재현을 뜻하지 않는다.
26,로그인·가입·인증,,/not-allow-ip,False,source-based,원본 화면 기반,True,https://app.catchsecu.com/not-allow-ip,https://app.catchsecu.com/not-allow-ip,docs/research/public/_not-allow-ip.json,로컬 데모 동작; 실제 인증/발송/비밀번호 변경 없음 모듈 조사 기록: docs/research/auth/auth-coverage.json 실제 백엔드·인증·결제·발송 없음. 쓰기 동작은 로컬 데모 또는 안내. 모든 상태와 181개 화면의 픽셀 단위 일치 검증은 수행하지 않았다.
27,로그인·가입·인증,,/login-email,False,source-based,원본 화면 기반,True,https://app.catchsecu.com/login-email,https://app.catchsecu.com/login-email,docs/research/public/_login-email.json,로컬 데모 동작; 실제 인증/발송/비밀번호 변경 없음 모듈 조사 기록: docs/research/auth/auth-coverage.json 실제 백엔드·인증·결제·발송 없음. 쓰기 동작은 로컬 데모 또는 안내. 모든 상태와 181개 화면의 픽셀 단위 일치 검증은 수행하지 않았다.
28,로그인·가입·인증,,/login-otp,False,source-based,원본 화면 기반,True,https://app.catchsecu.com/login-otp,https://app.catchsecu.com/login-otp,docs/research/public/_login-otp.json,로컬 데모 동작; 실제 인증/발송/비밀번호 변경 없음 모듈 조사 기록: docs/research/auth/auth-coverage.json 실제 백엔드·인증·결제·발송 없음. 쓰기 동작은 로컬 데모 또는 안내. 모든 상태와 181개 화면의 픽셀 단위 일치 검증은 수행하지 않았다.
29,로그인·가입·인증,,/login-failed,False,source-based,원본 화면 기반,True,https://app.catchsecu.com/login-failed,https://app.catchsecu.com/login-failed,docs/research/public/_login-failed.json,로컬 데모 동작; 실제 인증/발송/비밀번호 변경 없음 모듈 조사 기록: docs/research/auth/auth-coverage.json 실제 백엔드·인증·결제·발송 없음. 쓰기 동작은 로컬 데모 또는 안내. 모든 상태와 181개 화면의 픽셀 단위 일치 검증은 수행하지 않았다.
150,로그인·가입·인증,,/login/oauth2,False,local-demo-unverified,로컬 데모·원본 정상 화면 미검증,False,https://app.catchsecu.com/login/oauth2,https://app.catchsecu.com/login/oauth2,docs/research/public/_login_oauth2.json,로컬 데모 동작; 실제 인증/발송/비밀번호 변경 없음 원본 본문이 비어 있거나 수집 오류/유효 인증 상태 미확보. 모듈 조사 기록: docs/research/auth/auth-coverage.json 실제 백엔드·인증·결제·발송 없음. 쓰기 동작은 로컬 데모 또는 안내. 모든 상태와 181개 화면의 픽셀 단위 일치 검증은 수행하지 않았다.
151,로그인·가입·인증,,/login/oauth2/verified,False,local-demo-unverified,로컬 데모·원본 정상 화면 미검증,False,https://app.catchsecu.com/login/oauth2/verified,https://app.catchsecu.com/login/oauth2/verified,docs/research/public/_login_oauth2_verified.json,로컬 데모 동작; 실제 인증/발송/비밀번호 변경 없음 원본 본문이 비어 있거나 수집 오류/유효 인증 상태 미확보. 모듈 조사 기록: docs/research/auth/auth-coverage.json 실제 백엔드·인증·결제·발송 없음. 쓰기 동작은 로컬 데모 또는 안내. 모든 상태와 181개 화면의 픽셀 단위 일치 검증은 수행하지 않았다.
152,로그인·가입·인증,,/login/gpki,False,local-demo-unverified,로컬 데모·원본 정상 화면 미검증,False,https://app.catchsecu.com/login/gpki,https://app.catchsecu.com/login/gpki,docs/research/public/_login_gpki.json,로컬 데모 동작; 실제 인증/발송/비밀번호 변경 없음 원본 본문이 비어 있거나 수집 오류/유효 인증 상태 미확보. 모듈 조사 기록: docs/research/auth/auth-coverage.json 실제 백엔드·인증·결제·발송 없음. 쓰기 동작은 로컬 데모 또는 안내. 모든 상태와 181개 화면의 픽셀 단위 일치 검증은 수행하지 않았다.
153,로그인·가입·인증,,/login/saeol,False,local-demo-unverified,로컬 데모·원본 정상 화면 미검증,False,https://app.catchsecu.com/login/saeol,https://app.catchsecu.com/login/saeol,docs/research/public/_login_saeol.json,로컬 데모 동작; 실제 인증/발송/비밀번호 변경 없음 원본 본문이 비어 있거나 수집 오류/유효 인증 상태 미확보. 모듈 조사 기록: docs/research/auth/auth-coverage.json 실제 백엔드·인증·결제·발송 없음. 쓰기 동작은 로컬 데모 또는 안내. 모든 상태와 181개 화면의 픽셀 단위 일치 검증은 수행하지 않았다.
154,로그인·가입·인증,,/gpki/fail,False,local-demo-unverified,로컬 데모·원본 정상 화면 미검증,True,https://app.catchsecu.com/gpki/fail,https://app.catchsecu.com/dashboard,docs/research/public/_gpki_fail.json,원본 직접 접근은 /dashboard로 이동했다. 해당 경로의 정상 내부 상태를 관찰한 것은 아니다. 로컬 데모 동작; 실제 인증/발송/비밀번호 변경 없음 모듈 조사 기록: docs/research/auth/auth-coverage.json 실제 백엔드·인증·결제·발송 없음. 쓰기 동작은 로컬 데모 또는 안내. 모든 상태와 181개 화면의 픽셀 단위 일치 검증은 수행하지 않았다.
155,로그인·가입·인증,,/gpki/email-register,False,local-demo-unverified,로컬 데모·원본 정상 화면 미검증,True,https://app.catchsecu.com/gpki/email-register,https://app.catchsecu.com/dashboard,docs/research/public/_gpki_email-register.json,원본 직접 접근은 /dashboard로 이동했다. 해당 경로의 정상 내부 상태를 관찰한 것은 아니다. 로컬 데모 동작; 실제 인증/발송/비밀번호 변경 없음 모듈 조사 기록: docs/research/auth/auth-coverage.json 실제 백엔드·인증·결제·발송 없음. 쓰기 동작은 로컬 데모 또는 안내. 모든 상태와 181개 화면의 픽셀 단위 일치 검증은 수행하지 않았다.
156,로그인·가입·인증,,/saeol/fail/:org,True,local-demo-unverified,로컬 데모·원본 정상 화면 미검증,False,https://app.catchsecu.com/saeol/fail/:org,,,로컬 데모 동작; 실제 인증/발송/비밀번호 변경 없음 원본 본문이 비어 있거나 수집 오류/유효 인증 상태 미확보. 실제 ID/토큰을 확보하지 못해 정상 원본 화면 증거가 없다. 경로별 원본 캡처 파일 없음. coverage 메타데이터만으로 검증 처리하지 않는다. 모듈 조사 기록: docs/research/auth/auth-coverage.json 실제 백엔드·인증·결제·발송 없음. 쓰기 동작은 로컬 데모 또는 안내. 모든 상태와 181개 화면의 픽셀 단위 일치 검증은 수행하지 않았다.
157,로그인·가입·인증,,/link/oauth2,False,local-demo-unverified,로컬 데모·원본 정상 화면 미검증,False,https://app.catchsecu.com/link/oauth2,https://app.catchsecu.com/link/oauth2,docs/research/public/_link_oauth2.json,로컬 데모 동작; 실제 인증/발송/비밀번호 변경 없음 원본 본문이 비어 있거나 수집 오류/유효 인증 상태 미확보. 모듈 조사 기록: docs/research/auth/auth-coverage.json 실제 백엔드·인증·결제·발송 없음. 쓰기 동작은 로컬 데모 또는 안내. 모든 상태와 181개 화면의 픽셀 단위 일치 검증은 수행하지 않았다.
158,로그인·가입·인증,,/link/oauth2/verified,False,local-demo-unverified,로컬 데모·원본 정상 화면 미검증,False,https://app.catchsecu.com/link/oauth2/verified,https://app.catchsecu.com/link/oauth2/verified,docs/research/public/_link_oauth2_verified.json,로컬 데모 동작; 실제 인증/발송/비밀번호 변경 없음 원본 본문이 비어 있거나 수집 오류/유효 인증 상태 미확보. 모듈 조사 기록: docs/research/auth/auth-coverage.json 실제 백엔드·인증·결제·발송 없음. 쓰기 동작은 로컬 데모 또는 안내. 모든 상태와 181개 화면의 픽셀 단위 일치 검증은 수행하지 않았다.
159,로그인·가입·인증,,/oauth2/fail,False,local-demo-unverified,로컬 데모·원본 정상 화면 미검증,False,https://app.catchsecu.com/oauth2/fail,https://app.catchsecu.com/oauth2/fail,docs/research/public/_oauth2_fail.json,로컬 데모 동작; 실제 인증/발송/비밀번호 변경 없음 원본 본문이 비어 있거나 수집 오류/유효 인증 상태 미확보. 모듈 조사 기록: docs/research/auth/auth-coverage.json 실제 백엔드·인증·결제·발송 없음. 쓰기 동작은 로컬 데모 또는 안내. 모든 상태와 181개 화면의 픽셀 단위 일치 검증은 수행하지 않았다.
160,로그인·가입·인증,,/oauth2/signup,False,local-demo-unverified,로컬 데모·원본 정상 화면 미검증,False,https://app.catchsecu.com/oauth2/signup,https://app.catchsecu.com/oauth2/signup,docs/research/public/_oauth2_signup.json,로컬 데모 동작; 실제 인증/발송/비밀번호 변경 없음 원본은 오류 경계만 관찰했다. 로컬 가입 흐름은 데모 대체이다. 모듈 조사 기록: docs/research/auth/auth-coverage.json 실제 백엔드·인증·결제·발송 없음. 쓰기 동작은 로컬 데모 또는 안내. 모든 상태와 181개 화면의 픽셀 단위 일치 검증은 수행하지 않았다.
161,로그인·가입·인증,,/oauth2/invite/signup,False,local-demo-unverified,로컬 데모·원본 정상 화면 미검증,False,https://app.catchsecu.com/oauth2/invite/signup,https://app.catchsecu.com/oauth2/invite/signup,docs/research/public/_oauth2_invite_signup.json,로컬 데모 동작; 실제 인증/발송/비밀번호 변경 없음 원본은 오류 경계만 관찰했다. 로컬 가입 흐름은 데모 대체이다. 모듈 조사 기록: docs/research/auth/auth-coverage.json 실제 백엔드·인증·결제·발송 없음. 쓰기 동작은 로컬 데모 또는 안내. 모든 상태와 181개 화면의 픽셀 단위 일치 검증은 수행하지 않았다.
165,로그인·가입·인증,,/login/saml,False,local-demo-unverified,로컬 데모·원본 정상 화면 미검증,False,https://app.catchsecu.com/login/saml,https://app.catchsecu.com/login/saml,docs/research/public/_login_saml.json,로컬 데모 동작; 실제 인증/발송/비밀번호 변경 없음 원본 본문이 비어 있거나 수집 오류/유효 인증 상태 미확보. 모듈 조사 기록: docs/research/auth/auth-coverage.json 실제 백엔드·인증·결제·발송 없음. 쓰기 동작은 로컬 데모 또는 안내. 모든 상태와 181개 화면의 픽셀 단위 일치 검증은 수행하지 않았다.
166,로그인·가입·인증,,/login/saml/start,False,local-demo-unverified,로컬 데모·원본 정상 화면 미검증,False,https://app.catchsecu.com/login/saml/start,https://app.catchsecu.com/login/saml/start,docs/research/public/_login_saml_start.json,로컬 데모 동작; 실제 인증/발송/비밀번호 변경 없음 원본 본문이 비어 있거나 수집 오류/유효 인증 상태 미확보. 모듈 조사 기록: docs/research/auth/auth-coverage.json 실제 백엔드·인증·결제·발송 없음. 쓰기 동작은 로컬 데모 또는 안내. 모든 상태와 181개 화면의 픽셀 단위 일치 검증은 수행하지 않았다.
167,로그인·가입·인증,,/login/saml/verified,False,local-demo-unverified,로컬 데모·원본 정상 화면 미검증,False,https://app.catchsecu.com/login/saml/verified,https://app.catchsecu.com/login/saml/verified,docs/research/public/_login_saml_verified.json,로컬 데모 동작; 실제 인증/발송/비밀번호 변경 없음 원본 본문이 비어 있거나 수집 오류/유효 인증 상태 미확보. 모듈 조사 기록: docs/research/auth/auth-coverage.json 실제 백엔드·인증·결제·발송 없음. 쓰기 동작은 로컬 데모 또는 안내. 모든 상태와 181개 화면의 픽셀 단위 일치 검증은 수행하지 않았다.
168,로그인·가입·인증,,/login/saml/fail,False,local-demo-unverified,로컬 데모·원본 정상 화면 미검증,False,https://app.catchsecu.com/login/saml/fail,,docs/research/public/_login_saml_fail.json,로컬 데모 동작; 실제 인증/발송/비밀번호 변경 없음 원본 본문이 비어 있거나 수집 오류/유효 인증 상태 미확보. 모듈 조사 기록: docs/research/auth/auth-coverage.json 실제 백엔드·인증·결제·발송 없음. 쓰기 동작은 로컬 데모 또는 안내. 모든 상태와 181개 화면의 픽셀 단위 일치 검증은 수행하지 않았다.
3,외부 폼·문서·정보주체·공유 열람,,/file-view/:customerId,True,unavailable-placeholder,데이터 없음·접근 불가 대체,False,https://app.catchsecu.com/file-view/:customerId,,,실제 ID/토큰을 확보하지 못해 정상 원본 화면 증거가 없다. 경로별 원본 캡처 파일 없음. coverage 메타데이터만으로 검증 처리하지 않는다. 실제 백엔드·인증·결제·발송 없음. 쓰기 동작은 로컬 데모 또는 안내. 모든 상태와 181개 화면의 픽셀 단위 일치 검증은 수행하지 않았다.
4,외부 폼·문서·정보주체·공유 열람,,/file-view/:customerId/shared,True,unavailable-placeholder,데이터 없음·접근 불가 대체,False,https://app.catchsecu.com/file-view/:customerId/shared,,,실제 ID/토큰을 확보하지 못해 정상 원본 화면 증거가 없다. 경로별 원본 캡처 파일 없음. coverage 메타데이터만으로 검증 처리하지 않는다. 실제 백엔드·인증·결제·발송 없음. 쓰기 동작은 로컬 데모 또는 안내. 모든 상태와 181개 화면의 픽셀 단위 일치 검증은 수행하지 않았다.
5,외부 폼·문서·정보주체·공유 열람,,/file-view/:customerId/:questionId/:fileId,True,unavailable-placeholder,데이터 없음·접근 불가 대체,False,https://app.catchsecu.com/file-view/:customerId/:questionId/:fileId,,,실제 ID/토큰을 확보하지 못해 정상 원본 화면 증거가 없다. 경로별 원본 캡처 파일 없음. coverage 메타데이터만으로 검증 처리하지 않는다. 실제 백엔드·인증·결제·발송 없음. 쓰기 동작은 로컬 데모 또는 안내. 모든 상태와 181개 화면의 픽셀 단위 일치 검증은 수행하지 않았다.
6,외부 폼·문서·정보주체·공유 열람,,/file-view/:customerId/:questionId/:fileId/shared,True,unavailable-placeholder,데이터 없음·접근 불가 대체,False,https://app.catchsecu.com/file-view/:customerId/:questionId/:fileId/shared,,,실제 ID/토큰을 확보하지 못해 정상 원본 화면 증거가 없다. 경로별 원본 캡처 파일 없음. coverage 메타데이터만으로 검증 처리하지 않는다. 실제 백엔드·인증·결제·발송 없음. 쓰기 동작은 로컬 데모 또는 안내. 모든 상태와 181개 화면의 픽셀 단위 일치 검증은 수행하지 않았다.
7,외부 폼·문서·정보주체·공유 열람,,/projects/:outerToken/form,True,local-demo-unverified,로컬 데모·원본 정상 화면 미검증,False,https://app.catchsecu.com/projects/:outerToken/form,,,실제 외부 토큰 화면 미확인. 브라우저에 저장한 데모 폼만 이용한다. 실제 ID/토큰을 확보하지 못해 정상 원본 화면 증거가 없다. 경로별 원본 캡처 파일 없음. coverage 메타데이터만으로 검증 처리하지 않는다. 실제 백엔드·인증·결제·발송 없음. 쓰기 동작은 로컬 데모 또는 안내. 모든 상태와 181개 화면의 픽셀 단위 일치 검증은 수행하지 않았다.
8,외부 폼·문서·정보주체·공유 열람,,/project/:outerToken/form,True,local-demo-unverified,로컬 데모·원본 정상 화면 미검증,False,https://app.catchsecu.com/project/:outerToken/form,,,실제 외부 토큰 화면 미확인. 브라우저에 저장한 데모 폼만 이용한다. 실제 ID/토큰을 확보하지 못해 정상 원본 화면 증거가 없다. 경로별 원본 캡처 파일 없음. coverage 메타데이터만으로 검증 처리하지 않는다. 실제 백엔드·인증·결제·발송 없음. 쓰기 동작은 로컬 데모 또는 안내. 모든 상태와 181개 화면의 픽셀 단위 일치 검증은 수행하지 않았다.
9,외부 폼·문서·정보주체·공유 열람,,/url/:outerToken,True,local-demo-unverified,로컬 데모·원본 정상 화면 미검증,False,https://app.catchsecu.com/url/:outerToken,,,실제 외부 토큰 화면 미확인. 브라우저에 저장한 데모 폼만 이용한다. 실제 ID/토큰을 확보하지 못해 정상 원본 화면 증거가 없다. 경로별 원본 캡처 파일 없음. coverage 메타데이터만으로 검증 처리하지 않는다. 실제 백엔드·인증·결제·발송 없음. 쓰기 동작은 로컬 데모 또는 안내. 모든 상태와 181개 화면의 픽셀 단위 일치 검증은 수행하지 않았다.
10,외부 폼·문서·정보주체·공유 열람,,/test-projects/:outerToken/form,True,local-demo-unverified,로컬 데모·원본 정상 화면 미검증,False,https://app.catchsecu.com/test-projects/:outerToken/form,,,실제 외부 토큰 화면 미확인. 브라우저에 저장한 데모 폼만 이용한다. 실제 ID/토큰을 확보하지 못해 정상 원본 화면 증거가 없다. 경로별 원본 캡처 파일 없음. coverage 메타데이터만으로 검증 처리하지 않는다. 실제 백엔드·인증·결제·발송 없음. 쓰기 동작은 로컬 데모 또는 안내. 모든 상태와 181개 화면의 픽셀 단위 일치 검증은 수행하지 않았다.
11,외부 폼·문서·정보주체·공유 열람,,/customer-use-case/:outerToken,True,local-demo-unverified,로컬 데모·원본 정상 화면 미검증,False,https://app.catchsecu.com/customer-use-case/:outerToken,,,실제 외부 토큰 화면 미확인. 브라우저에 저장한 데모 폼만 이용한다. 실제 ID/토큰을 확보하지 못해 정상 원본 화면 증거가 없다. 경로별 원본 캡처 파일 없음. coverage 메타데이터만으로 검증 처리하지 않는다. 실제 백엔드·인증·결제·발송 없음. 쓰기 동작은 로컬 데모 또는 안내. 모든 상태와 181개 화면의 픽셀 단위 일치 검증은 수행하지 않았다.
12,외부 폼·문서·정보주체·공유 열람,,/infoOwner/formComplete,False,unavailable-placeholder,데이터 없음·접근 불가 대체,False,https://app.catchsecu.com/infoOwner/formComplete,https://app.catchsecu.com/infoOwner/formComplete,docs/research/public/_infoOwner_formComplete.json,원본 본문 빈 상태만 수집. 로컬 안내 화면은 대체 화면이다. 실제 백엔드·인증·결제·발송 없음. 쓰기 동작은 로컬 데모 또는 안내. 모든 상태와 181개 화면의 픽셀 단위 일치 검증은 수행하지 않았다.
13,외부 폼·문서·정보주체·공유 열람,,/infoOwner/form-interrupt,False,unavailable-placeholder,데이터 없음·접근 불가 대체,False,https://app.catchsecu.com/infoOwner/form-interrupt,https://app.catchsecu.com/infoOwner/form-interrupt,docs/research/public/_infoOwner_form-interrupt.json,원본 본문 빈 상태만 수집. 로컬 안내 화면은 대체 화면이다. 실제 백엔드·인증·결제·발송 없음. 쓰기 동작은 로컬 데모 또는 안내. 모든 상태와 181개 화면의 픽셀 단위 일치 검증은 수행하지 않았다.
141,외부 폼·문서·정보주체·공유 열람,,/services/:serviceId/catchforms/category/:category/agree/:agree,True,local-demo-unverified,로컬 데모·원본 정상 화면 미검증,False,https://app.catchsecu.com/services/:serviceId/catchforms/category/:category/agree/:agree,,,실제 외부 토큰 화면 미확인. 브라우저에 저장한 데모 폼만 이용한다. 실제 ID/토큰을 확보하지 못해 정상 원본 화면 증거가 없다. 경로별 원본 캡처 파일 없음. coverage 메타데이터만으로 검증 처리하지 않는다. 실제 백엔드·인증·결제·발송 없음. 쓰기 동작은 로컬 데모 또는 안내. 모든 상태와 181개 화면의 픽셀 단위 일치 검증은 수행하지 않았다.
142,외부 폼·문서·정보주체·공유 열람,,/services/:serviceId/catchforms/recipients/agree/:agree,True,local-demo-unverified,로컬 데모·원본 정상 화면 미검증,False,https://app.catchsecu.com/services/:serviceId/catchforms/recipients/agree/:agree,,,실제 외부 토큰 화면 미확인. 브라우저에 저장한 데모 폼만 이용한다. 실제 ID/토큰을 확보하지 못해 정상 원본 화면 증거가 없다. 경로별 원본 캡처 파일 없음. coverage 메타데이터만으로 검증 처리하지 않는다. 실제 백엔드·인증·결제·발송 없음. 쓰기 동작은 로컬 데모 또는 안내. 모든 상태와 181개 화면의 픽셀 단위 일치 검증은 수행하지 않았다.
143,외부 폼·문서·정보주체·공유 열람,,/services/:serviceId/oversea/catchforms/agree/:agree,True,local-demo-unverified,로컬 데모·원본 정상 화면 미검증,False,https://app.catchsecu.com/services/:serviceId/oversea/catchforms/agree/:agree,,,실제 외부 토큰 화면 미확인. 브라우저에 저장한 데모 폼만 이용한다. 실제 ID/토큰을 확보하지 못해 정상 원본 화면 증거가 없다. 경로별 원본 캡처 파일 없음. coverage 메타데이터만으로 검증 처리하지 않는다. 실제 백엔드·인증·결제·발송 없음. 쓰기 동작은 로컬 데모 또는 안내. 모든 상태와 181개 화면의 픽셀 단위 일치 검증은 수행하지 않았다.
144,외부 폼·문서·정보주체·공유 열람,,/services/:serviceId/catchforms,True,local-demo-unverified,로컬 데모·원본 정상 화면 미검증,False,https://app.catchsecu.com/services/:serviceId/catchforms,,,실제 외부 토큰 화면 미확인. 브라우저에 저장한 데모 폼만 이용한다. 실제 ID/토큰을 확보하지 못해 정상 원본 화면 증거가 없다. 경로별 원본 캡처 파일 없음. coverage 메타데이터만으로 검증 처리하지 않는다. 실제 백엔드·인증·결제·발송 없음. 쓰기 동작은 로컬 데모 또는 안내. 모든 상태와 181개 화면의 픽셀 단위 일치 검증은 수행하지 않았다.
145,외부 폼·문서·정보주체·공유 열람,,/services/:serviceId/catchforms/recipients,True,local-demo-unverified,로컬 데모·원본 정상 화면 미검증,False,https://app.catchsecu.com/services/:serviceId/catchforms/recipients,,,실제 외부 토큰 화면 미확인. 브라우저에 저장한 데모 폼만 이용한다. 실제 ID/토큰을 확보하지 못해 정상 원본 화면 증거가 없다. 경로별 원본 캡처 파일 없음. coverage 메타데이터만으로 검증 처리하지 않는다. 실제 백엔드·인증·결제·발송 없음. 쓰기 동작은 로컬 데모 또는 안내. 모든 상태와 181개 화면의 픽셀 단위 일치 검증은 수행하지 않았다.
146,외부 폼·문서·정보주체·공유 열람,,/services/:serviceId/oversea/catchforms,True,local-demo-unverified,로컬 데모·원본 정상 화면 미검증,False,https://app.catchsecu.com/services/:serviceId/oversea/catchforms,,,실제 외부 토큰 화면 미확인. 브라우저에 저장한 데모 폼만 이용한다. 실제 ID/토큰을 확보하지 못해 정상 원본 화면 증거가 없다. 경로별 원본 캡처 파일 없음. coverage 메타데이터만으로 검증 처리하지 않는다. 실제 백엔드·인증·결제·발송 없음. 쓰기 동작은 로컬 데모 또는 안내. 모든 상태와 181개 화면의 픽셀 단위 일치 검증은 수행하지 않았다.
147,외부 폼·문서·정보주체·공유 열람,,/services/:serviceId/catchforms/:isDomestic/resident/agree/:agree,True,local-demo-unverified,로컬 데모·원본 정상 화면 미검증,False,https://app.catchsecu.com/services/:serviceId/catchforms/:isDomestic/resident/agree/:agree,,,실제 외부 토큰 화면 미확인. 브라우저에 저장한 데모 폼만 이용한다. 실제 ID/토큰을 확보하지 못해 정상 원본 화면 증거가 없다. 경로별 원본 캡처 파일 없음. coverage 메타데이터만으로 검증 처리하지 않는다. 실제 백엔드·인증·결제·발송 없음. 쓰기 동작은 로컬 데모 또는 안내. 모든 상태와 181개 화면의 픽셀 단위 일치 검증은 수행하지 않았다.
162,외부 폼·문서·정보주체·공유 열람,,/document/P/:token,True,unavailable-placeholder,데이터 없음·접근 불가 대체,False,https://app.catchsecu.com/document/P/:token,,,실제 ID/토큰을 확보하지 못해 정상 원본 화면 증거가 없다. 경로별 원본 캡처 파일 없음. coverage 메타데이터만으로 검증 처리하지 않는다. 실제 백엔드·인증·결제·발송 없음. 쓰기 동작은 로컬 데모 또는 안내. 모든 상태와 181개 화면의 픽셀 단위 일치 검증은 수행하지 않았다.
163,외부 폼·문서·정보주체·공유 열람,,/document/C/:token,True,unavailable-placeholder,데이터 없음·접근 불가 대체,False,https://app.catchsecu.com/document/C/:token,,,실제 ID/토큰을 확보하지 못해 정상 원본 화면 증거가 없다. 경로별 원본 캡처 파일 없음. coverage 메타데이터만으로 검증 처리하지 않는다. 실제 백엔드·인증·결제·발송 없음. 쓰기 동작은 로컬 데모 또는 안내. 모든 상태와 181개 화면의 픽셀 단위 일치 검증은 수행하지 않았다.
164,외부 폼·문서·정보주체·공유 열람,,/document/OC/:token,True,unavailable-placeholder,데이터 없음·접근 불가 대체,False,https://app.catchsecu.com/document/OC/:token,,,실제 ID/토큰을 확보하지 못해 정상 원본 화면 증거가 없다. 경로별 원본 캡처 파일 없음. coverage 메타데이터만으로 검증 처리하지 않는다. 실제 백엔드·인증·결제·발송 없음. 쓰기 동작은 로컬 데모 또는 안내. 모든 상태와 181개 화면의 픽셀 단위 일치 검증은 수행하지 않았다.
169,외부 폼·문서·정보주체·공유 열람,,/shared-privacy/verify,False,source-based,원본 화면 기반,True,https://app.catchsecu.com/shared-privacy/verify,https://app.catchsecu.com/shared-privacy/verify,docs/research/public/_shared-privacy_verify.json,실제 백엔드·인증·결제·발송 없음. 쓰기 동작은 로컬 데모 또는 안내. 모든 상태와 181개 화면의 픽셀 단위 일치 검증은 수행하지 않았다.
170,외부 폼·문서·정보주체·공유 열람,,/shared-privacy/email-verify,False,local-demo-unverified,로컬 데모·원본 정상 화면 미검증,False,https://app.catchsecu.com/shared-privacy/email-verify,https://app.catchsecu.com/shared-privacy/verify,docs/research/public/_shared-privacy_email-verify.json,원본 직접 접근은 /shared-privacy/verify로 이동했다. 해당 경로의 정상 내부 상태를 관찰한 것은 아니다. 원본은 인증 시작 화면으로 이동했다. 로컬 인증/열람은 데모 대체이다. 실제 백엔드·인증·결제·발송 없음. 쓰기 동작은 로컬 데모 또는 안내. 모든 상태와 181개 화면의 픽셀 단위 일치 검증은 수행하지 않았다.
171,외부 폼·문서·정보주체·공유 열람,,/shared-privacy/view,False,local-demo-unverified,로컬 데모·원본 정상 화면 미검증,False,https://app.catchsecu.com/shared-privacy/view,https://app.catchsecu.com/shared-privacy/verify,docs/research/public/_shared-privacy_view.json,원본 직접 접근은 /shared-privacy/verify로 이동했다. 해당 경로의 정상 내부 상태를 관찰한 것은 아니다. 원본은 인증 시작 화면으로 이동했다. 로컬 인증/열람은 데모 대체이다. 실제 백엔드·인증·결제·발송 없음. 쓰기 동작은 로컬 데모 또는 안내. 모든 상태와 181개 화면의 픽셀 단위 일치 검증은 수행하지 않았다.
173,외부 폼·문서·정보주체·공유 열람,,/infoOwner/find,False,source-based,원본 화면 기반,True,https://app.catchsecu.com/infoOwner/find,https://app.catchsecu.com/infoOwner/find,docs/research/public/_infoOwner_find.json,실제 백엔드·인증·결제·발송 없음. 쓰기 동작은 로컬 데모 또는 안내. 모든 상태와 181개 화면의 픽셀 단위 일치 검증은 수행하지 않았다.
174,외부 폼·문서·정보주체·공유 열람,,/infoOwner/find/complete,False,source-based,원본 화면 기반,True,https://app.catchsecu.com/infoOwner/find/complete,https://app.catchsecu.com/infoOwner/find/complete,docs/research/public/_infoOwner_find_complete.json,실제 백엔드·인증·결제·발송 없음. 쓰기 동작은 로컬 데모 또는 안내. 모든 상태와 181개 화면의 픽셀 단위 일치 검증은 수행하지 않았다.
175,외부 폼·문서·정보주체·공유 열람,,/infoOwner/agree-history/:infoOwnerToken,True,unavailable-placeholder,데이터 없음·접근 불가 대체,False,https://app.catchsecu.com/infoOwner/agree-history/:infoOwnerToken,,,실제 ID/토큰을 확보하지 못해 정상 원본 화면 증거가 없다. 경로별 원본 캡처 파일 없음. coverage 메타데이터만으로 검증 처리하지 않는다. 실제 백엔드·인증·결제·발송 없음. 쓰기 동작은 로컬 데모 또는 안내. 모든 상태와 181개 화면의 픽셀 단위 일치 검증은 수행하지 않았다.
176,외부 폼·문서·정보주체·공유 열람,,/infoOwner/action-history/:infoOwnerToken,True,unavailable-placeholder,데이터 없음·접근 불가 대체,False,https://app.catchsecu.com/infoOwner/action-history/:infoOwnerToken,,,실제 ID/토큰을 확보하지 못해 정상 원본 화면 증거가 없다. 경로별 원본 캡처 파일 없음. coverage 메타데이터만으로 검증 처리하지 않는다. 실제 백엔드·인증·결제·발송 없음. 쓰기 동작은 로컬 데모 또는 안내. 모든 상태와 181개 화면의 픽셀 단위 일치 검증은 수행하지 않았다.
30,회사·서비스·구성원·권한 관리,,/set/authority,False,redirect-target,리디렉션 대상 대응,True,https://app.catchsecu.com/set/authority,https://app.catchsecu.com/dashboard,docs/research/management/set--authority.json,모듈 조사 기록: docs/research/management/management-coverage.json 실제 백엔드·인증·결제·발송 없음. 쓰기 동작은 로컬 데모 또는 안내. 모든 상태와 181개 화면의 픽셀 단위 일치 검증은 수행하지 않았다. 원본 이동 대상 화면 또는 해당 상태를 로컬에 표시하며 원래 경로의 업무 화면 재현을 뜻하지 않는다.
125,회사·서비스·구성원·권한 관리,회사 기본 정보,/set/company,False,source-based,원본 화면 기반,True,https://app.catchsecu.com/set/company,https://app.catchsecu.com/set/company,docs/research/management/set--company.json,모듈 조사 기록: docs/research/management/management-coverage.json 실제 백엔드·인증·결제·발송 없음. 쓰기 동작은 로컬 데모 또는 안내. 모든 상태와 181개 화면의 픽셀 단위 일치 검증은 수행하지 않았다.
126,회사·서비스·구성원·권한 관리,,/set/company/edit,False,source-based,원본 화면 기반,True,https://app.catchsecu.com/set/company/edit,https://app.catchsecu.com/set/company/edit,docs/research/management/set--company--edit.json,모듈 조사 기록: docs/research/management/management-coverage.json 실제 백엔드·인증·결제·발송 없음. 쓰기 동작은 로컬 데모 또는 안내. 모든 상태와 181개 화면의 픽셀 단위 일치 검증은 수행하지 않았다.
127,회사·서비스·구성원·권한 관리,회사 보안 정책 관리,/set/company/policy,False,restricted-view,권한·이용조건 제한 화면,True,https://app.catchsecu.com/set/company/policy,https://app.catchsecu.com/set/company/policy,docs/research/management/set--company--policy.json,모듈 조사 기록: docs/research/management/management-coverage.json 실제 백엔드·인증·결제·발송 없음. 쓰기 동작은 로컬 데모 또는 안내. 모든 상태와 181개 화면의 픽셀 단위 일치 검증은 수행하지 않았다. 확인된 권한·라이선스·발신자 조건 제한 화면까지만 재현. 제한 뒤 업무 화면은 미검증.
128,회사·서비스·구성원·권한 관리,,/set/company/policy/setting,False,source-based,원본 화면 기반,True,https://app.catchsecu.com/set/company/policy/setting,https://app.catchsecu.com/set/company/policy/setting,docs/research/management/set--company--policy--setting.json,모듈 조사 기록: docs/research/management/management-coverage.json 실제 백엔드·인증·결제·발송 없음. 쓰기 동작은 로컬 데모 또는 안내. 모든 상태와 181개 화면의 픽셀 단위 일치 검증은 수행하지 않았다.
129,회사·서비스·구성원·권한 관리,서비스 관리,/set/service,False,source-based,원본 화면 기반,True,https://app.catchsecu.com/set/service,https://app.catchsecu.com/set/service,docs/research/management/set--service.json,모듈 조사 기록: docs/research/management/management-coverage.json 실제 백엔드·인증·결제·발송 없음. 쓰기 동작은 로컬 데모 또는 안내. 모든 상태와 181개 화면의 픽셀 단위 일치 검증은 수행하지 않았다.
130,회사·서비스·구성원·권한 관리,,/set/service/modification,False,restricted-view,권한·이용조건 제한 화면,True,https://app.catchsecu.com/set/service/modification,https://app.catchsecu.com/set/service/modification,docs/research/management/set--service--modification.json,모듈 조사 기록: docs/research/management/management-coverage.json 실제 백엔드·인증·결제·발송 없음. 쓰기 동작은 로컬 데모 또는 안내. 모든 상태와 181개 화면의 픽셀 단위 일치 검증은 수행하지 않았다. 확인된 권한·라이선스·발신자 조건 제한 화면까지만 재현. 제한 뒤 업무 화면은 미검증.
131,회사·서비스·구성원·권한 관리,,/set/service/consent,False,source-based,원본 화면 기반,True,https://app.catchsecu.com/set/service/consent,https://app.catchsecu.com/set/service/consent,docs/research/management/set--service--consent.json,서비스 ID 없이 관찰했으며 편집은 로컬 데모만 지원 모듈 조사 기록: docs/research/management/management-coverage.json 실제 백엔드·인증·결제·발송 없음. 쓰기 동작은 로컬 데모 또는 안내. 모든 상태와 181개 화면의 픽셀 단위 일치 검증은 수행하지 않았다.
132,회사·서비스·구성원·권한 관리,,/set/service/consigment/mail,False,source-based,원본 화면 기반,True,https://app.catchsecu.com/set/service/consigment/mail,https://app.catchsecu.com/set/service/consigment/mail,docs/research/management/set--service--consigment--mail.json,서비스 ID 없이 관찰했으며 편집은 로컬 데모만 지원 모듈 조사 기록: docs/research/management/management-coverage.json 실제 백엔드·인증·결제·발송 없음. 쓰기 동작은 로컬 데모 또는 안내. 모든 상태와 181개 화면의 픽셀 단위 일치 검증은 수행하지 않았다.
133,회사·서비스·구성원·권한 관리,구성원 관리,/set/member,False,restricted-view,권한·이용조건 제한 화면,True,https://app.catchsecu.com/set/member,https://app.catchsecu.com/set/member,docs/research/management/set--member.json,모듈 조사 기록: docs/research/management/management-coverage.json 실제 백엔드·인증·결제·발송 없음. 쓰기 동작은 로컬 데모 또는 안내. 모든 상태와 181개 화면의 픽셀 단위 일치 검증은 수행하지 않았다. 확인된 권한·라이선스·발신자 조건 제한 화면까지만 재현. 제한 뒤 업무 화면은 미검증.
31,모니터링·로그,,/log/authority,False,restricted-view,권한·이용조건 제한 화면,True,https://app.catchsecu.com/log/authority,https://app.catchsecu.com/log/authority,docs/research/management/log--authority.json,모듈 조사 기록: docs/research/management/management-coverage.json 실제 백엔드·인증·결제·발송 없음. 쓰기 동작은 로컬 데모 또는 안내. 모든 상태와 181개 화면의 픽셀 단위 일치 검증은 수행하지 않았다. 확인된 권한·라이선스·발신자 조건 제한 화면까지만 재현. 제한 뒤 업무 화면은 미검증.
80,모니터링·로그,개인정보 처리로그,/log/info-monitoring,False,source-based,원본 화면 기반,True,https://app.catchsecu.com/log/info-monitoring,https://app.catchsecu.com/log/info-monitoring,docs/research/management/log--info-monitoring.json,모듈 조사 기록: docs/research/management/management-coverage.json 실제 백엔드·인증·결제·발송 없음. 쓰기 동작은 로컬 데모 또는 안내. 모든 상태와 181개 화면의 픽셀 단위 일치 검증은 수행하지 않았다.
81,모니터링·로그,광고성 정보 수신동의 처리로그,/log/ad-monitoring,False,source-based,원본 화면 기반,True,https://app.catchsecu.com/log/ad-monitoring,https://app.catchsecu.com/log/ad-monitoring,docs/research/management/log--ad-monitoring.json,모듈 조사 기록: docs/research/management/management-coverage.json 실제 백엔드·인증·결제·발송 없음. 쓰기 동작은 로컬 데모 또는 안내. 모든 상태와 181개 화면의 픽셀 단위 일치 검증은 수행하지 않았다.
82,모니터링·로그,,/log/customer,False,source-based,원본 화면 기반,True,https://app.catchsecu.com/log/customer,https://app.catchsecu.com/log/customer,docs/research/management/log--customer.json,모듈 조사 기록: docs/research/management/management-coverage.json 실제 백엔드·인증·결제·발송 없음. 쓰기 동작은 로컬 데모 또는 안내. 모든 상태와 181개 화면의 픽셀 단위 일치 검증은 수행하지 않았다.
83,모니터링·로그,서비스 이용로그,/log/service,False,source-based,원본 화면 기반,True,https://app.catchsecu.com/log/service,https://app.catchsecu.com/log/service,docs/research/management/log--service.json,Ego 동시 페이지 선택 간섭으로 특정 시간 조회 상태는 원본 미검증 모듈 조사 기록: docs/research/management/management-coverage.json 실제 백엔드·인증·결제·발송 없음. 쓰기 동작은 로컬 데모 또는 안내. 모든 상태와 181개 화면의 픽셀 단위 일치 검증은 수행하지 않았다.
84,모니터링·로그,,/log/collect-destruction,False,source-based,원본 화면 기반,True,https://app.catchsecu.com/log/collect-destruction,https://app.catchsecu.com/log/collect-destruction,docs/research/management/log--collect-destruction.json,모듈 조사 기록: docs/research/management/management-coverage.json 실제 백엔드·인증·결제·발송 없음. 쓰기 동작은 로컬 데모 또는 안내. 모든 상태와 181개 화면의 픽셀 단위 일치 검증은 수행하지 않았다.
85,모니터링·로그,,/log/destruction_certificate,False,restricted-view,권한·이용조건 제한 화면,True,https://app.catchsecu.com/log/destruction_certificate,https://app.catchsecu.com/log/destruction_certificate,docs/research/management/log--destruction_certificate.json,모듈 조사 기록: docs/research/management/management-coverage.json 실제 백엔드·인증·결제·발송 없음. 쓰기 동작은 로컬 데모 또는 안내. 모든 상태와 181개 화면의 픽셀 단위 일치 검증은 수행하지 않았다. 확인된 권한·라이선스·발신자 조건 제한 화면까지만 재현. 제한 뒤 업무 화면은 미검증.
86,모니터링·로그,,/log/form-approval,False,restricted-view,권한·이용조건 제한 화면,True,https://app.catchsecu.com/log/form-approval,https://app.catchsecu.com/log/form-approval,docs/research/management/log--form-approval.json,모듈 조사 기록: docs/research/management/management-coverage.json 실제 백엔드·인증·결제·발송 없음. 쓰기 동작은 로컬 데모 또는 안내. 모든 상태와 181개 화면의 픽셀 단위 일치 검증은 수행하지 않았다. 확인된 권한·라이선스·발신자 조건 제한 화면까지만 재현. 제한 뒤 업무 화면은 미검증.
87,모니터링·로그,,/log/destruction-schedule,False,restricted-view,권한·이용조건 제한 화면,True,https://app.catchsecu.com/log/destruction-schedule,https://app.catchsecu.com/log/destruction-schedule,docs/research/management/log--destruction-schedule.json,모듈 조사 기록: docs/research/management/management-coverage.json 실제 백엔드·인증·결제·발송 없음. 쓰기 동작은 로컬 데모 또는 안내. 모든 상태와 181개 화면의 픽셀 단위 일치 검증은 수행하지 않았다. 확인된 권한·라이선스·발신자 조건 제한 화면까지만 재현. 제한 뒤 업무 화면은 미검증.
88,모니터링·로그,이메일 발송현황,/log/mail,False,restricted-view,권한·이용조건 제한 화면,True,https://app.catchsecu.com/log/mail,https://app.catchsecu.com/log/mail,docs/research/management/log--mail.json,모듈 조사 기록: docs/research/management/management-coverage.json 실제 백엔드·인증·결제·발송 없음. 쓰기 동작은 로컬 데모 또는 안내. 모든 상태와 181개 화면의 픽셀 단위 일치 검증은 수행하지 않았다. 확인된 권한·라이선스·발신자 조건 제한 화면까지만 재현. 제한 뒤 업무 화면은 미검증.
89,모니터링·로그,마감 데이터 조회,/log/month-monitoring,False,restricted-view,권한·이용조건 제한 화면,True,https://app.catchsecu.com/log/month-monitoring,https://app.catchsecu.com/log/month-monitoring,docs/research/management/log--month-monitoring.json,모듈 조사 기록: docs/research/management/management-coverage.json 실제 백엔드·인증·결제·발송 없음. 쓰기 동작은 로컬 데모 또는 안내. 모든 상태와 181개 화면의 픽셀 단위 일치 검증은 수행하지 않았다. 확인된 권한·라이선스·발신자 조건 제한 화면까지만 재현. 제한 뒤 업무 화면은 미검증.
90,모니터링·로그,,/log/access-history,False,restricted-view,권한·이용조건 제한 화면,True,https://app.catchsecu.com/log/access-history,https://app.catchsecu.com/log/access-history,docs/research/management/log--access-history.json,모듈 조사 기록: docs/research/management/management-coverage.json 실제 백엔드·인증·결제·발송 없음. 쓰기 동작은 로컬 데모 또는 안내. 모든 상태와 181개 화면의 픽셀 단위 일치 검증은 수행하지 않았다. 확인된 권한·라이선스·발신자 조건 제한 화면까지만 재현. 제한 뒤 업무 화면은 미검증.
91,모니터링·로그,외부 열람자 로그,/log/external-viewer,False,restricted-view,권한·이용조건 제한 화면,True,https://app.catchsecu.com/log/external-viewer,https://app.catchsecu.com/log/external-viewer,docs/research/management/log--external-viewer.json,모듈 조사 기록: docs/research/management/management-coverage.json 실제 백엔드·인증·결제·발송 없음. 쓰기 동작은 로컬 데모 또는 안내. 모든 상태와 181개 화면의 픽셀 단위 일치 검증은 수행하지 않았다. 확인된 권한·라이선스·발신자 조건 제한 화면까지만 재현. 제한 뒤 업무 화면은 미검증.
134,모니터링·로그,구성원 로그,/log/member,False,restricted-view,권한·이용조건 제한 화면,True,https://app.catchsecu.com/log/member,https://app.catchsecu.com/log/member,docs/research/management/log--member.json,모듈 조사 기록: docs/research/management/management-coverage.json 실제 백엔드·인증·결제·발송 없음. 쓰기 동작은 로컬 데모 또는 안내. 모든 상태와 181개 화면의 픽셀 단위 일치 검증은 수행하지 않았다. 확인된 권한·라이선스·발신자 조건 제한 화면까지만 재현. 제한 뒤 업무 화면은 미검증.
32,대시보드·통계,,/dashboard/:serviceId,True,local-demo-unverified,로컬 데모·원본 정상 화면 미검증,False,https://app.catchsecu.com/dashboard/:serviceId,,docs/research/app.catchsecu.com/dashboard-1440.json,대시보드 공통 화면을 재사용한다. 이 경로 자체의 원본 화면은 검증하지 않았다. 실제 백엔드·인증·결제·발송 없음. 쓰기 동작은 로컬 데모 또는 안내. 모든 상태와 181개 화면의 픽셀 단위 일치 검증은 수행하지 않았다.
33,대시보드·통계,대시보드,/dashboard,False,source-based,원본 화면 기반,True,https://app.catchsecu.com/dashboard,https://app.catchsecu.com/dashboard,docs/research/app.catchsecu.com/dashboard-1440.json | docs/research/app.catchsecu.com/dashboard-raw.json,실제 백엔드·인증·결제·발송 없음. 쓰기 동작은 로컬 데모 또는 안내. 모든 상태와 181개 화면의 픽셀 단위 일치 검증은 수행하지 않았다.
34,대시보드·통계,,/privacy-detail,False,source-based,원본 화면 기반,True,https://app.catchsecu.com/privacy-detail,https://app.catchsecu.com/privacy-detail,docs/research/public/_privacy-detail.json,실제 백엔드·인증·결제·발송 없음. 쓰기 동작은 로컬 데모 또는 안내. 모든 상태와 181개 화면의 픽셀 단위 일치 검증은 수행하지 않았다.
35,대시보드·통계,,/privacy-detail/:serviceId,True,local-demo-unverified,로컬 데모·원본 정상 화면 미검증,False,https://app.catchsecu.com/privacy-detail/:serviceId,,,전체 서비스 화면을 재사용하며 실제 서비스 ID별 원본 데이터/화면은 미확인. 실제 ID/토큰을 확보하지 못해 정상 원본 화면 증거가 없다. 경로별 원본 캡처 파일 없음. coverage 메타데이터만으로 검증 처리하지 않는다. 실제 백엔드·인증·결제·발송 없음. 쓰기 동작은 로컬 데모 또는 안내. 모든 상태와 181개 화면의 픽셀 단위 일치 검증은 수행하지 않았다.
36,대시보드·통계,,/marketing-detail,False,source-based,원본 화면 기반,True,https://app.catchsecu.com/marketing-detail,https://app.catchsecu.com/marketing-detail,docs/research/public/_marketing-detail.json,실제 백엔드·인증·결제·발송 없음. 쓰기 동작은 로컬 데모 또는 안내. 모든 상태와 181개 화면의 픽셀 단위 일치 검증은 수행하지 않았다.
37,대시보드·통계,,/marketing-detail/:serviceId,True,local-demo-unverified,로컬 데모·원본 정상 화면 미검증,False,https://app.catchsecu.com/marketing-detail/:serviceId,,,전체 서비스 화면을 재사용하며 실제 서비스 ID별 원본 데이터/화면은 미확인. 실제 ID/토큰을 확보하지 못해 정상 원본 화면 증거가 없다. 경로별 원본 캡처 파일 없음. coverage 메타데이터만으로 검증 처리하지 않는다. 실제 백엔드·인증·결제·발송 없음. 쓰기 동작은 로컬 데모 또는 안내. 모든 상태와 181개 화면의 픽셀 단위 일치 검증은 수행하지 않았다.
38,대시보드·통계,,/compliance,False,source-based,원본 화면 기반,True,https://app.catchsecu.com/compliance,https://app.catchsecu.com/compliance,docs/research/public/_compliance.json,실제 백엔드·인증·결제·발송 없음. 쓰기 동작은 로컬 데모 또는 안내. 모든 상태와 181개 화면의 픽셀 단위 일치 검증은 수행하지 않았다.
39,동의서·처리방침,동의서 생성,/basic/info-usage-purpose,False,restricted-view,권한·이용조건 제한 화면,True,https://app.catchsecu.com/basic/info-usage-purpose,https://app.catchsecu.com/basic/info-usage-purpose,docs/research/forms/basic_info-usage-purpose.json,"실제 백엔드 없음, 현재 무료 계정에서 관찰한 화면 기준. 모듈 조사 기록: docs/research/forms/forms-coverage.json 실제 백엔드·인증·결제·발송 없음. 쓰기 동작은 로컬 데모 또는 안내. 모든 상태와 181개 화면의 픽셀 단위 일치 검증은 수행하지 않았다. 확인된 권한·라이선스·발신자 조건 제한 화면까지만 재현. 제한 뒤 업무 화면은 미검증."
40,동의서·처리방침,동의서 목록,/basic/result/consent,False,restricted-view,권한·이용조건 제한 화면,True,https://app.catchsecu.com/basic/result/consent,https://app.catchsecu.com/basic/result/consent,docs/research/forms/basic_result_consent.json,"실제 백엔드 없음, 현재 무료 계정에서 관찰한 화면 기준. 모듈 조사 기록: docs/research/forms/forms-coverage.json 실제 백엔드·인증·결제·발송 없음. 쓰기 동작은 로컬 데모 또는 안내. 모든 상태와 181개 화면의 픽셀 단위 일치 검증은 수행하지 않았다. 확인된 권한·라이선스·발신자 조건 제한 화면까지만 재현. 제한 뒤 업무 화면은 미검증."
41,동의서·처리방침,,/basic/result/consent/phrase,False,restricted-view,권한·이용조건 제한 화면,True,https://app.catchsecu.com/basic/result/consent/phrase,https://app.catchsecu.com/basic/result/consent/phrase,docs/research/forms/basic_result_consent_phrase.json,"실제 백엔드 없음, 현재 무료 계정에서 관찰한 화면 기준. 모듈 조사 기록: docs/research/forms/forms-coverage.json 실제 백엔드·인증·결제·발송 없음. 쓰기 동작은 로컬 데모 또는 안내. 모든 상태와 181개 화면의 픽셀 단위 일치 검증은 수행하지 않았다. 확인된 권한·라이선스·발신자 조건 제한 화면까지만 재현. 제한 뒤 업무 화면은 미검증."
42,동의서·처리방침,,/basic/result/consent/edit,False,restricted-view,권한·이용조건 제한 화면,True,https://app.catchsecu.com/basic/result/consent/edit,https://app.catchsecu.com/basic/result/consent/edit,docs/research/forms/basic_result_consent_edit.json,"실제 백엔드 없음, 현재 무료 계정에서 관찰한 화면 기준. 모듈 조사 기록: docs/research/forms/forms-coverage.json 실제 백엔드·인증·결제·발송 없음. 쓰기 동작은 로컬 데모 또는 안내. 모든 상태와 181개 화면의 픽셀 단위 일치 검증은 수행하지 않았다. 확인된 권한·라이선스·발신자 조건 제한 화면까지만 재현. 제한 뒤 업무 화면은 미검증."
43,동의서·처리방침,,/basic/result/consent/create,False,restricted-view,권한·이용조건 제한 화면,True,https://app.catchsecu.com/basic/result/consent/create,https://app.catchsecu.com/basic/result/consent/create,docs/research/forms/basic_result_consent_create.json,"실제 백엔드 없음, 현재 무료 계정에서 관찰한 화면 기준. 모듈 조사 기록: docs/research/forms/forms-coverage.json 실제 백엔드·인증·결제·발송 없음. 쓰기 동작은 로컬 데모 또는 안내. 모든 상태와 181개 화면의 픽셀 단위 일치 검증은 수행하지 않았다. 확인된 권한·라이선스·발신자 조건 제한 화면까지만 재현. 제한 뒤 업무 화면은 미검증."
44,동의서·처리방침,,/basic/info-usage-purpose/privacy-policy,False,restricted-view,권한·이용조건 제한 화면,True,https://app.catchsecu.com/basic/info-usage-purpose/privacy-policy,https://app.catchsecu.com/basic/info-usage-purpose/privacy-policy,docs/research/forms/basic_info-usage-purpose_privacy-policy.json,"실제 백엔드 없음, 현재 무료 계정에서 관찰한 화면 기준. 모듈 조사 기록: docs/research/forms/forms-coverage.json 실제 백엔드·인증·결제·발송 없음. 쓰기 동작은 로컬 데모 또는 안내. 모든 상태와 181개 화면의 픽셀 단위 일치 검증은 수행하지 않았다. 확인된 권한·라이선스·발신자 조건 제한 화면까지만 재현. 제한 뒤 업무 화면은 미검증."
45,동의서·처리방침,처리방침 관리,/basic/result/policy,False,restricted-view,권한·이용조건 제한 화면,True,https://app.catchsecu.com/basic/result/policy,https://app.catchsecu.com/basic/result/policy,docs/research/forms/basic_result_policy.json,"실제 백엔드 없음, 현재 무료 계정에서 관찰한 화면 기준. 모듈 조사 기록: docs/research/forms/forms-coverage.json 실제 백엔드·인증·결제·발송 없음. 쓰기 동작은 로컬 데모 또는 안내. 모든 상태와 181개 화면의 픽셀 단위 일치 검증은 수행하지 않았다. 확인된 권한·라이선스·발신자 조건 제한 화면까지만 재현. 제한 뒤 업무 화면은 미검증."
46,캐치폼·개인정보 수집,캐치폼 템플릿,/form/template,False,source-based,원본 화면 기반,True,https://app.catchsecu.com/form/template,https://app.catchsecu.com/form/template,docs/research/forms/form_template.json | docs/research/forms/template-detail-1440.json,원본 백엔드와 연결하지 않음. 미리보기는 원본 템플릿 이미지와 설명을 표시하며 원본 전체 응답 폼은 미확인. 모듈 조사 기록: docs/research/forms/forms-coverage.json 실제 백엔드·인증·결제·발송 없음. 쓰기 동작은 로컬 데모 또는 안내. 모든 상태와 181개 화면의 픽셀 단위 일치 검증은 수행하지 않았다.
47,캐치폼·개인정보 수집,,/form/ai/create,False,source-based,원본 화면 기반,True,https://app.catchsecu.com/form/ai/create,https://app.catchsecu.com/form/ai/create,docs/research/forms/form_ai_create.json | docs/research/forms/create-detail.json,"실제 백엔드 없음, 현재 무료 계정에서 관찰한 화면 기준. 모듈 조사 기록: docs/research/forms/forms-coverage.json 실제 백엔드·인증·결제·발송 없음. 쓰기 동작은 로컬 데모 또는 안내. 모든 상태와 181개 화면의 픽셀 단위 일치 검증은 수행하지 않았다."
48,캐치폼·개인정보 수집,,/form/ai/recipient,False,local-demo-unverified,로컬 데모·원본 정상 화면 미검증,False,https://app.catchsecu.com/form/ai/recipient,https://app.catchsecu.com/form/ai/recipient,docs/research/forms/form_ai_recipient.json,실제 응답 데이터 또는 저장 이후 원본 화면은 미확인. 로컬 데모 워크플로. 모듈 조사 기록: docs/research/forms/forms-coverage.json 실제 백엔드·인증·결제·발송 없음. 쓰기 동작은 로컬 데모 또는 안내. 모든 상태와 181개 화면의 픽셀 단위 일치 검증은 수행하지 않았다.
49,캐치폼·개인정보 수집,,/form/ai/set,False,local-demo-unverified,로컬 데모·원본 정상 화면 미검증,False,https://app.catchsecu.com/form/ai/set,https://app.catchsecu.com/form/ai/set,docs/research/forms/form_ai_set.json,실제 응답 데이터 또는 저장 이후 원본 화면은 미확인. 로컬 데모 워크플로. 모듈 조사 기록: docs/research/forms/forms-coverage.json 실제 백엔드·인증·결제·발송 없음. 쓰기 동작은 로컬 데모 또는 안내. 모든 상태와 181개 화면의 픽셀 단위 일치 검증은 수행하지 않았다.
50,캐치폼·개인정보 수집,,/form/ai/share,False,local-demo-unverified,로컬 데모·원본 정상 화면 미검증,False,https://app.catchsecu.com/form/ai/share,https://app.catchsecu.com/form/ai/share,docs/research/forms/form_ai_share.json,실제 응답 데이터 또는 저장 이후 원본 화면은 미확인. 로컬 데모 워크플로. 모듈 조사 기록: docs/research/forms/forms-coverage.json 실제 백엔드·인증·결제·발송 없음. 쓰기 동작은 로컬 데모 또는 안내. 모든 상태와 181개 화면의 픽셀 단위 일치 검증은 수행하지 않았다.
51,캐치폼·개인정보 수집,캐치폼·업로드 목록,/form/manage,False,source-based,원본 화면 기반,True,https://app.catchsecu.com/form/manage,https://app.catchsecu.com/form/manage,docs/research/forms/form_manage.json | docs/research/forms/manage-detail-1440.json,"실제 백엔드 없음, 현재 무료 계정에서 관찰한 화면 기준. 모듈 조사 기록: docs/research/forms/forms-coverage.json 실제 백엔드·인증·결제·발송 없음. 쓰기 동작은 로컬 데모 또는 안내. 모든 상태와 181개 화면의 픽셀 단위 일치 검증은 수행하지 않았다."
52,캐치폼·개인정보 수집,,/form/manage/applicant/:formId,True,local-demo-unverified,로컬 데모·원본 정상 화면 미검증,False,https://app.catchsecu.com/form/manage/applicant/:formId,,,실제 응답 데이터 또는 저장 이후 원본 화면은 미확인. 로컬 데모 워크플로. 경로별 원본 캡처 파일 없음. coverage 메타데이터만으로 검증 처리하지 않는다. 모듈 조사 기록: docs/research/forms/forms-coverage.json 실제 백엔드·인증·결제·발송 없음. 쓰기 동작은 로컬 데모 또는 안내. 모든 상태와 181개 화면의 픽셀 단위 일치 검증은 수행하지 않았다.
53,캐치폼·개인정보 수집,,/form/manage/applicant/:serviceId/:formId,True,local-demo-unverified,로컬 데모·원본 정상 화면 미검증,False,https://app.catchsecu.com/form/manage/applicant/:serviceId/:formId,,,실제 응답 데이터 또는 저장 이후 원본 화면은 미확인. 로컬 데모 워크플로. 경로별 원본 캡처 파일 없음. coverage 메타데이터만으로 검증 처리하지 않는다. 모듈 조사 기록: docs/research/forms/forms-coverage.json 실제 백엔드·인증·결제·발송 없음. 쓰기 동작은 로컬 데모 또는 안내. 모든 상태와 181개 화면의 픽셀 단위 일치 검증은 수행하지 않았다.
54,캐치폼·개인정보 수집,,/form/manage/applicant/log/:formId,True,local-demo-unverified,로컬 데모·원본 정상 화면 미검증,False,https://app.catchsecu.com/form/manage/applicant/log/:formId,,,실제 응답 데이터 또는 저장 이후 원본 화면은 미확인. 로컬 데모 워크플로. 경로별 원본 캡처 파일 없음. coverage 메타데이터만으로 검증 처리하지 않는다. 모듈 조사 기록: docs/research/forms/forms-coverage.json 실제 백엔드·인증·결제·발송 없음. 쓰기 동작은 로컬 데모 또는 안내. 모든 상태와 181개 화면의 픽셀 단위 일치 검증은 수행하지 않았다.
55,캐치폼·개인정보 수집,광고성 정보 수신동의 관리,/form/ad-manage,False,source-based,원본 화면 기반,True,https://app.catchsecu.com/form/ad-manage,https://app.catchsecu.com/form/ad-manage,docs/research/forms/form_ad-manage.json,"실제 백엔드 없음, 현재 무료 계정에서 관찰한 화면 기준. 모듈 조사 기록: docs/research/forms/forms-coverage.json 실제 백엔드·인증·결제·발송 없음. 쓰기 동작은 로컬 데모 또는 안내. 모든 상태와 181개 화면의 픽셀 단위 일치 검증은 수행하지 않았다."
56,캐치폼·개인정보 수집,,/form/ai/basic-frame,False,source-based,원본 화면 기반,True,https://app.catchsecu.com/form/ai/basic-frame,https://app.catchsecu.com/form/ai/basic-frame,docs/research/forms/form_ai_basic-frame.json | docs/research/forms/basic-frame-detail-1440.json,"실제 백엔드 없음, 현재 무료 계정에서 관찰한 화면 기준. 모듈 조사 기록: docs/research/forms/forms-coverage.json 실제 백엔드·인증·결제·발송 없음. 쓰기 동작은 로컬 데모 또는 안내. 모든 상태와 181개 화면의 픽셀 단위 일치 검증은 수행하지 않았다."
57,캐치폼·개인정보 수집,,/form/ai/basic-frame/v3,False,local-demo-unverified,로컬 데모·원본 정상 화면 미검증,False,https://app.catchsecu.com/form/ai/basic-frame/v3,https://app.catchsecu.com/form/ai/basic-frame/v3,docs/research/forms/form_ai_basic-frame_v3.json,실제 응답 데이터 또는 저장 이후 원본 화면은 미확인. 로컬 데모 워크플로. 모듈 조사 기록: docs/research/forms/forms-coverage.json 실제 백엔드·인증·결제·발송 없음. 쓰기 동작은 로컬 데모 또는 안내. 모든 상태와 181개 화면의 픽셀 단위 일치 검증은 수행하지 않았다.
58,캐치폼·개인정보 수집,,/form/ai/agreement,False,local-demo-unverified,로컬 데모·원본 정상 화면 미검증,False,https://app.catchsecu.com/form/ai/agreement,https://app.catchsecu.com/form/ai/agreement,docs/research/forms/form_ai_agreement.json,실제 응답 데이터 또는 저장 이후 원본 화면은 미확인. 로컬 데모 워크플로. 모듈 조사 기록: docs/research/forms/forms-coverage.json 실제 백엔드·인증·결제·발송 없음. 쓰기 동작은 로컬 데모 또는 안내. 모든 상태와 181개 화면의 픽셀 단위 일치 검증은 수행하지 않았다.
59,캐치폼·개인정보 수집,,/form/ai/setting,False,local-demo-unverified,로컬 데모·원본 정상 화면 미검증,False,https://app.catchsecu.com/form/ai/setting,https://app.catchsecu.com/form/ai/setting,docs/research/forms/form_ai_setting.json,실제 응답 데이터 또는 저장 이후 원본 화면은 미확인. 로컬 데모 워크플로. 모듈 조사 기록: docs/research/forms/forms-coverage.json 실제 백엔드·인증·결제·발송 없음. 쓰기 동작은 로컬 데모 또는 안내. 모든 상태와 181개 화면의 픽셀 단위 일치 검증은 수행하지 않았다.
60,캐치폼·개인정보 수집,고정URL 관리,/form/fixed-url,False,source-based,원본 화면 기반,True,https://app.catchsecu.com/form/fixed-url,https://app.catchsecu.com/form/fixed-url,docs/research/forms/form_fixed-url.json | docs/research/forms/fixed-url-detail-1440.json,"실제 백엔드 없음, 현재 무료 계정에서 관찰한 화면 기준. 모듈 조사 기록: docs/research/forms/forms-coverage.json 실제 백엔드·인증·결제·발송 없음. 쓰기 동작은 로컬 데모 또는 안내. 모든 상태와 181개 화면의 픽셀 단위 일치 검증은 수행하지 않았다."
61,캐치폼·개인정보 수집,개인정보 업로드,/form/info-upload,False,restricted-view,권한·이용조건 제한 화면,True,https://app.catchsecu.com/form/info-upload,https://app.catchsecu.com/form/info-upload,docs/research/forms/form_info-upload.json,"실제 백엔드 없음, 현재 무료 계정에서 관찰한 화면 기준. 모듈 조사 기록: docs/research/forms/forms-coverage.json 실제 백엔드·인증·결제·발송 없음. 쓰기 동작은 로컬 데모 또는 안내. 모든 상태와 181개 화면의 픽셀 단위 일치 검증은 수행하지 않았다. 확인된 권한·라이선스·발신자 조건 제한 화면까지만 재현. 제한 뒤 업무 화면은 미검증."
62,캐치폼·개인정보 수집,,/form/info-upload/agreement,False,restricted-view,권한·이용조건 제한 화면,True,https://app.catchsecu.com/form/info-upload/agreement,https://app.catchsecu.com/form/info-upload/agreement,docs/research/forms/form_info-upload_agreement.json,"실제 백엔드 없음, 현재 무료 계정에서 관찰한 화면 기준. 모듈 조사 기록: docs/research/forms/forms-coverage.json 실제 백엔드·인증·결제·발송 없음. 쓰기 동작은 로컬 데모 또는 안내. 모든 상태와 181개 화면의 픽셀 단위 일치 검증은 수행하지 않았다. 확인된 권한·라이선스·발신자 조건 제한 화면까지만 재현. 제한 뒤 업무 화면은 미검증."
63,캐치폼·개인정보 수집,,/form/info-upload/recipient,False,restricted-view,권한·이용조건 제한 화면,True,https://app.catchsecu.com/form/info-upload/recipient,https://app.catchsecu.com/form/info-upload/recipient,docs/research/forms/form_info-upload_recipient.json,"실제 백엔드 없음, 현재 무료 계정에서 관찰한 화면 기준. 모듈 조사 기록: docs/research/forms/forms-coverage.json 실제 백엔드·인증·결제·발송 없음. 쓰기 동작은 로컬 데모 또는 안내. 모든 상태와 181개 화면의 픽셀 단위 일치 검증은 수행하지 않았다. 확인된 권한·라이선스·발신자 조건 제한 화면까지만 재현. 제한 뒤 업무 화면은 미검증."
64,알림 연동,알림 받기,/integration/message,False,source-based,원본 화면 기반,True,https://app.catchsecu.com/integration/message,https://app.catchsecu.com/integration/message,docs/research/services/integration__message.json,모듈 조사 기록: docs/research/services/services-coverage.json 실제 백엔드·인증·결제·발송 없음. 쓰기 동작은 로컬 데모 또는 안내. 모든 상태와 181개 화면의 픽셀 단위 일치 검증은 수행하지 않았다.
65,카카오 알림톡,,/alimtalk,False,observed-error,원본 오류 화면 대응,True,https://app.catchsecu.com/alimtalk,https://app.catchsecu.com/alimtalk,docs/research/services/alimtalk.json,모듈 조사 기록: docs/research/services/services-coverage.json 실제 백엔드·인증·결제·발송 없음. 쓰기 동작은 로컬 데모 또는 안내. 모든 상태와 181개 화면의 픽셀 단위 일치 검증은 수행하지 않았다.
66,카카오 알림톡,,/alimtalk/channels,False,redirect-target,리디렉션 대상 대응,True,https://app.catchsecu.com/alimtalk/channels,https://app.catchsecu.com/dashboard,docs/research/services/alimtalk__channels.json,모듈 조사 기록: docs/research/services/services-coverage.json 실제 백엔드·인증·결제·발송 없음. 쓰기 동작은 로컬 데모 또는 안내. 모든 상태와 181개 화면의 픽셀 단위 일치 검증은 수행하지 않았다. 원본 이동 대상 화면 또는 해당 상태를 로컬에 표시하며 원래 경로의 업무 화면 재현을 뜻하지 않는다.
67,카카오 알림톡,,/alimtalk/templates,False,redirect-target,리디렉션 대상 대응,True,https://app.catchsecu.com/alimtalk/templates,https://app.catchsecu.com/dashboard,docs/research/services/alimtalk__templates.json,모듈 조사 기록: docs/research/services/services-coverage.json 실제 백엔드·인증·결제·발송 없음. 쓰기 동작은 로컬 데모 또는 안내. 모든 상태와 181개 화면의 픽셀 단위 일치 검증은 수행하지 않았다. 원본 이동 대상 화면 또는 해당 상태를 로컬에 표시하며 원래 경로의 업무 화면 재현을 뜻하지 않는다.
68,카카오 알림톡,,/alimtalk/templates/register,False,redirect-target,리디렉션 대상 대응,True,https://app.catchsecu.com/alimtalk/templates/register,https://app.catchsecu.com/dashboard,docs/research/services/alimtalk__templates__register.json,모듈 조사 기록: docs/research/services/services-coverage.json 실제 백엔드·인증·결제·발송 없음. 쓰기 동작은 로컬 데모 또는 안내. 모든 상태와 181개 화면의 픽셀 단위 일치 검증은 수행하지 않았다. 원본 이동 대상 화면 또는 해당 상태를 로컬에 표시하며 원래 경로의 업무 화면 재현을 뜻하지 않는다.
69,카카오 알림톡,,/alimtalk/templates/:templateId,True,unavailable-placeholder,데이터 없음·접근 불가 대체,False,https://app.catchsecu.com/alimtalk/templates/:templateId,,,실제 ID 필요 경로별 원본 캡처 파일 없음. coverage 메타데이터만으로 검증 처리하지 않는다. 모듈 조사 기록: docs/research/services/services-coverage.json 실제 백엔드·인증·결제·발송 없음. 쓰기 동작은 로컬 데모 또는 안내. 모든 상태와 181개 화면의 픽셀 단위 일치 검증은 수행하지 않았다.
70,카카오 알림톡,,/alimtalk/templates/:templateId/edit,True,unavailable-placeholder,데이터 없음·접근 불가 대체,False,https://app.catchsecu.com/alimtalk/templates/:templateId/edit,,,실제 ID 필요 경로별 원본 캡처 파일 없음. coverage 메타데이터만으로 검증 처리하지 않는다. 모듈 조사 기록: docs/research/services/services-coverage.json 실제 백엔드·인증·결제·발송 없음. 쓰기 동작은 로컬 데모 또는 안내. 모든 상태와 181개 화면의 픽셀 단위 일치 검증은 수행하지 않았다.
71,카카오 알림톡,,/alimtalk/send,False,redirect-target,리디렉션 대상 대응,True,https://app.catchsecu.com/alimtalk/send,https://app.catchsecu.com/dashboard,docs/research/services/alimtalk__send.json,모듈 조사 기록: docs/research/services/services-coverage.json 실제 백엔드·인증·결제·발송 없음. 쓰기 동작은 로컬 데모 또는 안내. 모든 상태와 181개 화면의 픽셀 단위 일치 검증은 수행하지 않았다. 원본 이동 대상 화면 또는 해당 상태를 로컬에 표시하며 원래 경로의 업무 화면 재현을 뜻하지 않는다.
72,카카오 알림톡,,/alimtalk/history,False,redirect-target,리디렉션 대상 대응,True,https://app.catchsecu.com/alimtalk/history,https://app.catchsecu.com/dashboard,docs/research/services/alimtalk__history.json,모듈 조사 기록: docs/research/services/services-coverage.json 실제 백엔드·인증·결제·발송 없음. 쓰기 동작은 로컬 데모 또는 안내. 모든 상태와 181개 화면의 픽셀 단위 일치 검증은 수행하지 않았다. 원본 이동 대상 화면 또는 해당 상태를 로컬에 표시하며 원래 경로의 업무 화면 재현을 뜻하지 않는다.
73,카카오 알림톡,,/kakao-playground,False,source-based,원본 화면 기반,True,https://app.catchsecu.com/kakao-playground,https://app.catchsecu.com/kakao-playground,docs/research/services/kakao-playground.json,모듈 조사 기록: docs/research/services/services-coverage.json 실제 백엔드·인증·결제·발송 없음. 쓰기 동작은 로컬 데모 또는 안내. 모든 상태와 181개 화면의 픽셀 단위 일치 검증은 수행하지 않았다.
74,이메일 서비스,,/mail,False,observed-empty,원본 빈 화면 대응,True,https://app.catchsecu.com/mail,https://app.catchsecu.com/mail,docs/research/services/mail.json,모듈 조사 기록: docs/research/services/services-coverage.json 실제 백엔드·인증·결제·발송 없음. 쓰기 동작은 로컬 데모 또는 안내. 모든 상태와 181개 화면의 픽셀 단위 일치 검증은 수행하지 않았다.
75,이메일 서비스,이메일 발송,/mail/catchform,False,restricted-view,권한·이용조건 제한 화면,True,https://app.catchsecu.com/mail/catchform,https://app.catchsecu.com/mail/catchform,docs/research/services/mail__catchform.json,모듈 조사 기록: docs/research/services/services-coverage.json 실제 백엔드·인증·결제·발송 없음. 쓰기 동작은 로컬 데모 또는 안내. 모든 상태와 181개 화면의 픽셀 단위 일치 검증은 수행하지 않았다. 확인된 권한·라이선스·발신자 조건 제한 화면까지만 재현. 제한 뒤 업무 화면은 미검증.
76,이메일 서비스,직접 입력 이메일 발송,/mail/direct,False,restricted-view,권한·이용조건 제한 화면,True,https://app.catchsecu.com/mail/direct,https://app.catchsecu.com/mail/direct,docs/research/services/mail__direct.json,모듈 조사 기록: docs/research/services/services-coverage.json 실제 백엔드·인증·결제·발송 없음. 쓰기 동작은 로컬 데모 또는 안내. 모든 상태와 181개 화면의 픽셀 단위 일치 검증은 수행하지 않았다. 확인된 권한·라이선스·발신자 조건 제한 화면까지만 재현. 제한 뒤 업무 화면은 미검증.
77,이메일 서비스,발신 주소 관리,/mail/number,False,source-based,원본 화면 기반,True,https://app.catchsecu.com/mail/number,https://app.catchsecu.com/mail/number,docs/research/services/mail__number.json,모듈 조사 기록: docs/research/services/services-coverage.json 실제 백엔드·인증·결제·발송 없음. 쓰기 동작은 로컬 데모 또는 안내. 모든 상태와 181개 화면의 픽셀 단위 일치 검증은 수행하지 않았다.
78,이메일 서비스,발송 내역,/mail/history,False,source-based,원본 화면 기반,True,https://app.catchsecu.com/mail/history,https://app.catchsecu.com/mail/history,docs/research/services/mail__history.json,모듈 조사 기록: docs/research/services/services-coverage.json 실제 백엔드·인증·결제·발송 없음. 쓰기 동작은 로컬 데모 또는 안내. 모든 상태와 181개 화면의 픽셀 단위 일치 검증은 수행하지 않았다.
79,이메일 서비스,,/mail/no-mail,False,restricted-view,권한·이용조건 제한 화면,True,https://app.catchsecu.com/mail/no-mail,https://app.catchsecu.com/mail/no-mail,docs/research/services/mail__no-mail.json,모듈 조사 기록: docs/research/services/services-coverage.json 실제 백엔드·인증·결제·발송 없음. 쓰기 동작은 로컬 데모 또는 안내. 모든 상태와 181개 화면의 픽셀 단위 일치 검증은 수행하지 않았다. 확인된 권한·라이선스·발신자 조건 제한 화면까지만 재현. 제한 뒤 업무 화면은 미검증.
92,마이페이지,마이페이지,/my-page,False,local-demo-unverified,로컬 데모·원본 정상 화면 미검증,True,https://app.catchsecu.com/my-page,https://app.catchsecu.com/my-page,docs/research/management/my-page.json,원본 본문이 비어 있음 원본 본문은 비어 있었으며 로컬에서는 프로필 화면으로 대체한다. 모듈 조사 기록: docs/research/management/management-coverage.json 실제 백엔드·인증·결제·발송 없음. 쓰기 동작은 로컬 데모 또는 안내. 모든 상태와 181개 화면의 픽셀 단위 일치 검증은 수행하지 않았다.
93,마이페이지,,/my-page/info,False,source-based,원본 화면 기반,True,https://app.catchsecu.com/my-page/info,https://app.catchsecu.com/my-page/info,docs/research/management/my-page--info.json,모듈 조사 기록: docs/research/management/management-coverage.json 실제 백엔드·인증·결제·발송 없음. 쓰기 동작은 로컬 데모 또는 안내. 모든 상태와 181개 화면의 픽셀 단위 일치 검증은 수행하지 않았다.
94,마이페이지,,/my-page/info/edit,False,source-based,원본 화면 기반,True,https://app.catchsecu.com/my-page/info/edit,https://app.catchsecu.com/my-page/info/edit,docs/research/management/my-page--info--edit.json,모듈 조사 기록: docs/research/management/management-coverage.json 실제 백엔드·인증·결제·발송 없음. 쓰기 동작은 로컬 데모 또는 안내. 모든 상태와 181개 화면의 픽셀 단위 일치 검증은 수행하지 않았다.
95,마이페이지,,/my-page/delete,False,source-based,원본 화면 기반,True,https://app.catchsecu.com/my-page/delete,https://app.catchsecu.com/my-page/delete,docs/research/management/my-page--delete.json,모듈 조사 기록: docs/research/management/management-coverage.json 실제 백엔드·인증·결제·발송 없음. 쓰기 동작은 로컬 데모 또는 안내. 모든 상태와 181개 화면의 픽셀 단위 일치 검증은 수행하지 않았다.
96,마이페이지,,/my-page/activity-log,False,source-based,원본 화면 기반,True,https://app.catchsecu.com/my-page/activity-log,https://app.catchsecu.com/my-page/activity-log,docs/research/management/my-page--activity-log.json,모듈 조사 기록: docs/research/management/management-coverage.json 실제 백엔드·인증·결제·발송 없음. 쓰기 동작은 로컬 데모 또는 안내. 모든 상태와 181개 화면의 픽셀 단위 일치 검증은 수행하지 않았다.
97,마이페이지,,/my-page/info-activity-log,False,source-based,원본 화면 기반,True,https://app.catchsecu.com/my-page/info-activity-log,https://app.catchsecu.com/my-page/info-activity-log,docs/research/management/my-page--info-activity-log.json,모듈 조사 기록: docs/research/management/management-coverage.json 실제 백엔드·인증·결제·발송 없음. 쓰기 동작은 로컬 데모 또는 안내. 모든 상태와 181개 화면의 픽셀 단위 일치 검증은 수행하지 않았다.
100,라이선스·결제,,/pay/membership/detail,False,source-based,원본 화면 기반,True,https://app.catchsecu.com/pay/membership/detail,https://app.catchsecu.com/pay/membership/detail,docs/research/services/pay__membership__detail.json,모듈 조사 기록: docs/research/services/services-coverage.json 실제 백엔드·인증·결제·발송 없음. 쓰기 동작은 로컬 데모 또는 안내. 모든 상태와 181개 화면의 픽셀 단위 일치 검증은 수행하지 않았다.
101,라이선스·결제,,/pay/billing-policy,False,redirect-target,리디렉션 대상 대응,True,https://app.catchsecu.com/pay/billing-policy,https://app.catchsecu.com/pay/license-service,docs/research/services/pay__billing-policy.json,모듈 조사 기록: docs/research/services/services-coverage.json 실제 백엔드·인증·결제·발송 없음. 쓰기 동작은 로컬 데모 또는 안내. 모든 상태와 181개 화면의 픽셀 단위 일치 검증은 수행하지 않았다. 원본 이동 대상 화면 또는 해당 상태를 로컬에 표시하며 원래 경로의 업무 화면 재현을 뜻하지 않는다.
102,라이선스·결제,구독 및 결제수단 관리,/pay/license-service,False,source-based,원본 화면 기반,True,https://app.catchsecu.com/pay/license-service,https://app.catchsecu.com/pay/license-service,docs/research/services/pay__license-service.json,모듈 조사 기록: docs/research/services/services-coverage.json 실제 백엔드·인증·결제·발송 없음. 쓰기 동작은 로컬 데모 또는 안내. 모든 상태와 181개 화면의 픽셀 단위 일치 검증은 수행하지 않았다.
103,라이선스·결제,,/pay/service-asset,False,restricted-view,권한·이용조건 제한 화면,True,https://app.catchsecu.com/pay/service-asset,https://app.catchsecu.com/pay/service-asset,docs/research/services/pay__service-asset.json,모듈 조사 기록: docs/research/services/services-coverage.json 실제 백엔드·인증·결제·발송 없음. 쓰기 동작은 로컬 데모 또는 안내. 모든 상태와 181개 화면의 픽셀 단위 일치 검증은 수행하지 않았다. 확인된 권한·라이선스·발신자 조건 제한 화면까지만 재현. 제한 뒤 업무 화면은 미검증.
104,라이선스·결제,,/pay/method,False,redirect-target,리디렉션 대상 대응,True,https://app.catchsecu.com/pay/method,https://app.catchsecu.com/pay/license-service,docs/research/services/pay__method.json,모듈 조사 기록: docs/research/services/services-coverage.json 실제 백엔드·인증·결제·발송 없음. 쓰기 동작은 로컬 데모 또는 안내. 모든 상태와 181개 화면의 픽셀 단위 일치 검증은 수행하지 않았다. 원본 이동 대상 화면 또는 해당 상태를 로컬에 표시하며 원래 경로의 업무 화면 재현을 뜻하지 않는다.
105,라이선스·결제,,/pay/cancel,False,unavailable-placeholder,데이터 없음·접근 불가 대체,False,https://app.catchsecu.com/pay/cancel,,,취소 작업 안전상 미접속 경로별 원본 캡처 파일 없음. coverage 메타데이터만으로 검증 처리하지 않는다. 모듈 조사 기록: docs/research/services/services-coverage.json 실제 백엔드·인증·결제·발송 없음. 쓰기 동작은 로컬 데모 또는 안내. 모든 상태와 181개 화면의 픽셀 단위 일치 검증은 수행하지 않았다.
106,라이선스·결제,자산 및 결제 내역,/pay/history,False,source-based,원본 화면 기반,True,https://app.catchsecu.com/pay/history,https://app.catchsecu.com/pay/history,docs/research/services/pay__history.json,모듈 조사 기록: docs/research/services/services-coverage.json 실제 백엔드·인증·결제·발송 없음. 쓰기 동작은 로컬 데모 또는 안내. 모든 상태와 181개 화면의 픽셀 단위 일치 검증은 수행하지 않았다.
107,라이선스·결제,,/pay/usage/history,False,redirect-target,리디렉션 대상 대응,True,https://app.catchsecu.com/pay/usage/history,https://app.catchsecu.com/pay/history,docs/research/services/pay__usage__history.json,모듈 조사 기록: docs/research/services/services-coverage.json 실제 백엔드·인증·결제·발송 없음. 쓰기 동작은 로컬 데모 또는 안내. 모든 상태와 181개 화면의 픽셀 단위 일치 검증은 수행하지 않았다. 원본 이동 대상 화면 또는 해당 상태를 로컬에 표시하며 원래 경로의 업무 화면 재현을 뜻하지 않는다.
108,라이선스·결제,,/pay/result/success/:purchaseId,True,unavailable-placeholder,데이터 없음·접근 불가 대체,False,https://app.catchsecu.com/pay/result/success/:purchaseId,,,실제 ID 필요 경로별 원본 캡처 파일 없음. coverage 메타데이터만으로 검증 처리하지 않는다. 모듈 조사 기록: docs/research/services/services-coverage.json 실제 백엔드·인증·결제·발송 없음. 쓰기 동작은 로컬 데모 또는 안내. 모든 상태와 181개 화면의 픽셀 단위 일치 검증은 수행하지 않았다.
109,라이선스·결제,,/pay/credit/success/:purchaseId,True,unavailable-placeholder,데이터 없음·접근 불가 대체,False,https://app.catchsecu.com/pay/credit/success/:purchaseId,,,실제 ID 필요 경로별 원본 캡처 파일 없음. coverage 메타데이터만으로 검증 처리하지 않는다. 모듈 조사 기록: docs/research/services/services-coverage.json 실제 백엔드·인증·결제·발송 없음. 쓰기 동작은 로컬 데모 또는 안내. 모든 상태와 181개 화면의 픽셀 단위 일치 검증은 수행하지 않았다.
110,라이선스·결제,,/pay/plus/success/:purchaseId,True,unavailable-placeholder,데이터 없음·접근 불가 대체,False,https://app.catchsecu.com/pay/plus/success/:purchaseId,,,실제 ID 필요 경로별 원본 캡처 파일 없음. coverage 메타데이터만으로 검증 처리하지 않는다. 모듈 조사 기록: docs/research/services/services-coverage.json 실제 백엔드·인증·결제·발송 없음. 쓰기 동작은 로컬 데모 또는 안내. 모든 상태와 181개 화면의 픽셀 단위 일치 검증은 수행하지 않았다.
111,라이선스·결제,,/pay/plus/success/:purchasedId/:type,True,unavailable-placeholder,데이터 없음·접근 불가 대체,False,https://app.catchsecu.com/pay/plus/success/:purchasedId/:type,,,실제 ID 필요 경로별 원본 캡처 파일 없음. coverage 메타데이터만으로 검증 처리하지 않는다. 모듈 조사 기록: docs/research/services/services-coverage.json 실제 백엔드·인증·결제·발송 없음. 쓰기 동작은 로컬 데모 또는 안내. 모든 상태와 181개 화면의 픽셀 단위 일치 검증은 수행하지 않았다.
112,라이선스·결제,,/pay/result/fail,False,source-based,원본 화면 기반,True,https://app.catchsecu.com/pay/result/fail,https://app.catchsecu.com/pay/result/fail,docs/research/services/pay__result__fail.json,모듈 조사 기록: docs/research/services/services-coverage.json 실제 백엔드·인증·결제·발송 없음. 쓰기 동작은 로컬 데모 또는 안내. 모든 상태와 181개 화면의 픽셀 단위 일치 검증은 수행하지 않았다.
113,라이선스·결제,,/pay/plus/fail/:errorCode,True,unavailable-placeholder,데이터 없음·접근 불가 대체,False,https://app.catchsecu.com/pay/plus/fail/:errorCode,,,실제 ID 필요 경로별 원본 캡처 파일 없음. coverage 메타데이터만으로 검증 처리하지 않는다. 모듈 조사 기록: docs/research/services/services-coverage.json 실제 백엔드·인증·결제·발송 없음. 쓰기 동작은 로컬 데모 또는 안내. 모든 상태와 181개 화면의 픽셀 단위 일치 검증은 수행하지 않았다.
114,라이선스·결제,,/creditBill/:id,True,unavailable-placeholder,데이터 없음·접근 불가 대체,False,https://app.catchsecu.com/creditBill/:id,,,실제 ID 필요 경로별 원본 캡처 파일 없음. coverage 메타데이터만으로 검증 처리하지 않는다. 모듈 조사 기록: docs/research/services/services-coverage.json 실제 백엔드·인증·결제·발송 없음. 쓰기 동작은 로컬 데모 또는 안내. 모든 상태와 181개 화면의 픽셀 단위 일치 검증은 수행하지 않았다.
115,라이선스·결제,,/bill/:id,True,unavailable-placeholder,데이터 없음·접근 불가 대체,False,https://app.catchsecu.com/bill/:id,,,실제 ID 필요 경로별 원본 캡처 파일 없음. coverage 메타데이터만으로 검증 처리하지 않는다. 모듈 조사 기록: docs/research/services/services-coverage.json 실제 백엔드·인증·결제·발송 없음. 쓰기 동작은 로컬 데모 또는 안내. 모든 상태와 181개 화면의 픽셀 단위 일치 검증은 수행하지 않았다.
116,라이선스·결제,,/bill/:id/refund,True,unavailable-placeholder,데이터 없음·접근 불가 대체,False,https://app.catchsecu.com/bill/:id/refund,,,실제 ID 필요 경로별 원본 캡처 파일 없음. coverage 메타데이터만으로 검증 처리하지 않는다. 모듈 조사 기록: docs/research/services/services-coverage.json 실제 백엔드·인증·결제·발송 없음. 쓰기 동작은 로컬 데모 또는 안내. 모든 상태와 181개 화면의 픽셀 단위 일치 검증은 수행하지 않았다.
117,보안 설정,,/security,False,unavailable-placeholder,데이터 없음·접근 불가 대체,False,https://app.catchsecu.com/security,https://app.catchsecu.com/security,docs/research/management/security.json,원본 본문이 비어 있음 모듈 조사 기록: docs/research/management/management-coverage.json 실제 백엔드·인증·결제·발송 없음. 쓰기 동작은 로컬 데모 또는 안내. 모든 상태와 181개 화면의 픽셀 단위 일치 검증은 수행하지 않았다.
118,보안 설정,,/security/compliance,False,restricted-view,권한·이용조건 제한 화면,True,https://app.catchsecu.com/security/compliance,https://app.catchsecu.com/security/compliance,docs/research/management/security--compliance.json,모듈 조사 기록: docs/research/management/management-coverage.json 실제 백엔드·인증·결제·발송 없음. 쓰기 동작은 로컬 데모 또는 안내. 모든 상태와 181개 화면의 픽셀 단위 일치 검증은 수행하지 않았다. 확인된 권한·라이선스·발신자 조건 제한 화면까지만 재현. 제한 뒤 업무 화면은 미검증.
119,보안 설정,,/security/sso,False,restricted-view,권한·이용조건 제한 화면,True,https://app.catchsecu.com/security/sso,https://app.catchsecu.com/security/sso,docs/research/management/security--sso.json,모듈 조사 기록: docs/research/management/management-coverage.json 실제 백엔드·인증·결제·발송 없음. 쓰기 동작은 로컬 데모 또는 안내. 모든 상태와 181개 화면의 픽셀 단위 일치 검증은 수행하지 않았다. 확인된 권한·라이선스·발신자 조건 제한 화면까지만 재현. 제한 뒤 업무 화면은 미검증.
120,보안 설정,,/security/sso/setting,False,restricted-view,권한·이용조건 제한 화면,True,https://app.catchsecu.com/security/sso/setting,https://app.catchsecu.com/security/sso/setting,docs/research/management/security--sso--setting.json,모듈 조사 기록: docs/research/management/management-coverage.json 실제 백엔드·인증·결제·발송 없음. 쓰기 동작은 로컬 데모 또는 안내. 모든 상태와 181개 화면의 픽셀 단위 일치 검증은 수행하지 않았다. 확인된 권한·라이선스·발신자 조건 제한 화면까지만 재현. 제한 뒤 업무 화면은 미검증.
121,보안 설정,,/security/ip,False,restricted-view,권한·이용조건 제한 화면,True,https://app.catchsecu.com/security/ip,https://app.catchsecu.com/security/ip,docs/research/management/security--ip.json,모듈 조사 기록: docs/research/management/management-coverage.json 실제 백엔드·인증·결제·발송 없음. 쓰기 동작은 로컬 데모 또는 안내. 모든 상태와 181개 화면의 픽셀 단위 일치 검증은 수행하지 않았다. 확인된 권한·라이선스·발신자 조건 제한 화면까지만 재현. 제한 뒤 업무 화면은 미검증.
122,보안 설정,,/security/ip/setting,False,restricted-view,권한·이용조건 제한 화면,True,https://app.catchsecu.com/security/ip/setting,https://app.catchsecu.com/security/ip/setting,docs/research/management/security--ip--setting.json,모듈 조사 기록: docs/research/management/management-coverage.json 실제 백엔드·인증·결제·발송 없음. 쓰기 동작은 로컬 데모 또는 안내. 모든 상태와 181개 화면의 픽셀 단위 일치 검증은 수행하지 않았다. 확인된 권한·라이선스·발신자 조건 제한 화면까지만 재현. 제한 뒤 업무 화면은 미검증.
123,보안 설정,,/security/two-factor,False,redirect-target,리디렉션 대상 대응,True,https://app.catchsecu.com/security/two-factor,https://app.catchsecu.com/dashboard,docs/research/management/security--two-factor.json,모듈 조사 기록: docs/research/management/management-coverage.json 실제 백엔드·인증·결제·발송 없음. 쓰기 동작은 로컬 데모 또는 안내. 모든 상태와 181개 화면의 픽셀 단위 일치 검증은 수행하지 않았다. 원본 이동 대상 화면 또는 해당 상태를 로컬에 표시하며 원래 경로의 업무 화면 재현을 뜻하지 않는다.
124,보안 설정,,/security/two-factor/setting,False,redirect-target,리디렉션 대상 대응,True,https://app.catchsecu.com/security/two-factor/setting,https://app.catchsecu.com/dashboard,docs/research/management/security--two-factor--setting.json,모듈 조사 기록: docs/research/management/management-coverage.json 실제 백엔드·인증·결제·발송 없음. 쓰기 동작은 로컬 데모 또는 안내. 모든 상태와 181개 화면의 픽셀 단위 일치 검증은 수행하지 않았다. 원본 이동 대상 화면 또는 해당 상태를 로컬에 표시하며 원래 경로의 업무 화면 재현을 뜻하지 않는다.
135,문자 서비스,,/sms,False,observed-empty,원본 빈 화면 대응,True,https://app.catchsecu.com/sms,https://app.catchsecu.com/sms,docs/research/services/sms.json,모듈 조사 기록: docs/research/services/services-coverage.json 실제 백엔드·인증·결제·발송 없음. 쓰기 동작은 로컬 데모 또는 안내. 모든 상태와 181개 화면의 픽셀 단위 일치 검증은 수행하지 않았다.
136,문자 서비스,문자 발송,/sms/catchform,False,redirect-target,리디렉션 대상 대응,True,https://app.catchsecu.com/sms/catchform,https://app.catchsecu.com/sms/nonumber,docs/research/services/sms__catchform.json,모듈 조사 기록: docs/research/services/services-coverage.json 실제 백엔드·인증·결제·발송 없음. 쓰기 동작은 로컬 데모 또는 안내. 모든 상태와 181개 화면의 픽셀 단위 일치 검증은 수행하지 않았다. 원본 이동 대상 화면 또는 해당 상태를 로컬에 표시하며 원래 경로의 업무 화면 재현을 뜻하지 않는다.
137,문자 서비스,직접 입력 문자 발송,/sms/direct,False,redirect-target,리디렉션 대상 대응,True,https://app.catchsecu.com/sms/direct,https://app.catchsecu.com/sms/nonumber,docs/research/services/sms__direct.json,모듈 조사 기록: docs/research/services/services-coverage.json 실제 백엔드·인증·결제·발송 없음. 쓰기 동작은 로컬 데모 또는 안내. 모든 상태와 181개 화면의 픽셀 단위 일치 검증은 수행하지 않았다. 원본 이동 대상 화면 또는 해당 상태를 로컬에 표시하며 원래 경로의 업무 화면 재현을 뜻하지 않는다.
138,문자 서비스,발신 번호 관리,/sms/number,False,source-based,원본 화면 기반,True,https://app.catchsecu.com/sms/number,https://app.catchsecu.com/sms/number,docs/research/services/sms__number.json,모듈 조사 기록: docs/research/services/services-coverage.json 실제 백엔드·인증·결제·발송 없음. 쓰기 동작은 로컬 데모 또는 안내. 모든 상태와 181개 화면의 픽셀 단위 일치 검증은 수행하지 않았다.
139,문자 서비스,발송 내역,/sms/history,False,source-based,원본 화면 기반,True,https://app.catchsecu.com/sms/history,https://app.catchsecu.com/sms/history,docs/research/services/sms__history.json,모듈 조사 기록: docs/research/services/services-coverage.json 실제 백엔드·인증·결제·발송 없음. 쓰기 동작은 로컬 데모 또는 안내. 모든 상태와 181개 화면의 픽셀 단위 일치 검증은 수행하지 않았다.
140,문자 서비스,,/sms/nonumber,False,restricted-view,권한·이용조건 제한 화면,True,https://app.catchsecu.com/sms/nonumber,https://app.catchsecu.com/sms/nonumber,docs/research/services/sms__nonumber.json,모듈 조사 기록: docs/research/services/services-coverage.json 실제 백엔드·인증·결제·발송 없음. 쓰기 동작은 로컬 데모 또는 안내. 모든 상태와 181개 화면의 픽셀 단위 일치 검증은 수행하지 않았다. 확인된 권한·라이선스·발신자 조건 제한 화면까지만 재현. 제한 뒤 업무 화면은 미검증.
