"이벤트 ID","처리일시","서비스명","처리자명","처리내용","처리대상","대상 ID"
"af8e04a3-23a3-4fd5-bd99-0bcd6dd9ef5f","2026-10-04T10:10:07.660Z","감사 서비스 12","가입 감사 화면 검증","service.updated","service","4abc805e-569e-4d42-905c-7f1c2df0c503"
"aaa1bf69-4b69-4fa2-a62b-0b0b136bac10","2026-10-04T10:10:07.630Z","감사 서비스 12","가입 감사 화면 검증","service.updated","service","4abc805e-569e-4d42-905c-7f1c2df0c503"
"8591087d-19e2-46d5-baa6-bd701970798c","2026-10-04T10:10:07.586Z","감사 서비스 12","가입 감사 화면 검증","service.updated","service","4abc805e-569e-4d42-905c-7f1c2df0c503"
"a887bd92-7528-41d9-9238-424d2962c047","2026-10-04T10:10:07.494Z","감사 서비스 12","가입 감사 화면 검증","service.updated","service","4abc805e-569e-4d42-905c-7f1c2df0c503"
"bfe668be-8268-488c-8dc1-8a6687610afc","2026-10-04T10:10:07.459Z","감사 서비스 12","가입 감사 화면 검증","service.updated","service","4abc805e-569e-4d42-905c-7f1c2df0c503"
"7fcb366b-0d3f-4bd4-a77a-284beafa11ea","2026-10-04T10:10:07.424Z","감사 서비스 12","가입 감사 화면 검증","service.updated","service","4abc805e-569e-4d42-905c-7f1c2df0c503"
"491a2cdf-0e8a-4488-bebc-8fc7ff442308","2026-10-04T10:10:07.394Z","감사 서비스 12","가입 감사 화면 검증","service.updated","service","4abc805e-569e-4d42-905c-7f1c2df0c503"
"b5e3e572-a15d-424f-991a-a11f2699be5f","2026-10-04T10:10:07.355Z","감사 서비스 12","가입 감사 화면 검증","service.updated","service","4abc805e-569e-4d42-905c-7f1c2df0c503"
"f30db1fa-6245-4bca-bfc2-3e182f801d78","2026-10-04T10:10:07.321Z","감사 서비스 12","가입 감사 화면 검증","service.updated","service","4abc805e-569e-4d42-905c-7f1c2df0c503"
"8acb809c-4b37-4928-95ef-c22242c062d3","2026-10-04T10:10:07.286Z","감사 서비스 12","가입 감사 화면 검증","service.updated","service","4abc805e-569e-4d42-905c-7f1c2df0c503"
"55318311-b4c8-41fd-87ec-76101fac74cb","2026-10-04T10:10:07.246Z","감사 서비스 12","가입 감사 화면 검증","service.updated","service","4abc805e-569e-4d42-905c-7f1c2df0c503"
"f7d0f504-cd3e-4ea3-b6ee-588bbd15d1b2","2026-10-04T10:10:07.183Z","감사 서비스 12","가입 감사 화면 검증","service.updated","service","4abc805e-569e-4d42-905c-7f1c2df0c503"
